teadeid,INVOICE_NO,ITEM_ID
1,1616070000/79213916,14690914
2,1616070001/79213917,14890019
3,1616070002,15471069
4,1616070002,15436269
5,1616070002,15245997
6,1616070002,15436261
7,1616070002,15547003
8,1616070002,15471068
9,1616070003,15586998
10,1616070003,15547003
11,1616070003,15589015
12,1616070004,15471068
13,1616070004,15471069
14,1616070004,15436253
15,1616070004,15245997
16,1616070005,15245997
17,1616070005,15471069
18,1616070006,15471069
19,1616070006,15245997
20,1616070006,15471068
21,1616070006,15436264
22,1616070007/88761213,14921003
23,1616070008/79213640,15551005
24,1616070009/79213641,14810112
25,1616070009/79213641,14809864
26,1616070010/79213642,15455981
27,1616070011/79213643,15455981
28,1616070012/79213644,15246052
29,1616070013/79213645,15246050
30,1616070013/79213645,15238055
31,1616070013/79213645,15246053
32,1616070013/79213645,15246049
33,1616070013/79213645,15246052
34,1616070014/79213646,14789044
35,1616070014/79213646,15246053
36,1616070014/79213646,15246052
37,1616070014/79213646,15330988
38,1616070015/79213647,14787526
39,1616070015/79213647,14789044
40,1616070016/79213648,14809864
41,1616070016/79213648,14810112
42,1616070017/79213649,15455982
43,1616070018/79213650,15312982
44,1616070018/79213650,15452141
45,1616070018/79213650,14921004
46,1616070019/79213651,14787526
47,1616070019/79213651,14809864
48,1616070019/79213651,14810112
49,1616070019/79213651,14789044
50,1616070020/79213652,15246053
51,1616070020/79213652,14787526
52,1616070020/79213652,14789044
53,1616070020/79213652,14809864
54,1616070020/79213652,14810112
55,1616070021/79213653,14810112
56,1616070021/79213653,14789044
57,1616070021/79213653,14787526
58,1616070021/79213653,14809864
59,1616070022,15102173
60,1616070022,15331043
61,1616070023,15102173
62,1616070023,15331043
63,1616070024,15331043
64,1616070024,15102173
65,1616070025,15102173
66,1616070026,14675955
67,1616070026,14790551
68,1616070026,14671860
69,1616070026,15194056
70,1616070026,15192100
71,1616070027,15192100
72,1616070027,14675955
73,1616070027,14980086
74,1616070027,14671860
75,1616070027,14790551
76,1616070027,15194056
77,1616070028,14481833
78,1616070028,14654748
79,1616070028,15192100
80,1616070028,14671860
81,1616070028,15157064
82,1616070028,15194056
83,1616070028,14980086
84,1616070029,14654748
85,1616070029,14980086
86,1616070029,14671860
87,1616070029,14790551
88,1616070029,13217588
89,1616070029,15192100
90,1616070029,15194056
91,1616070029,15192101
92,1616070030,15194056
93,1616070030,14980086
94,1616070030,14481833
95,1616070030,14654748
96,1616070030,14671860
97,1616070030,15157064
98,1616070030,14731963
99,1616070030,15192100
100,1616070031/79213654,14980872
101,1616070031/79213654,14803086
102,1616070032,14654748
103,1616070032,15194056
104,1616070032,15192101
105,1616070032,14675955
106,1616070032,14671860
107,1616070032,14790551
108,1616070032,14980086
109,1616070032,15192100
110,1616070033,15194056
111,1616070033,14481833
112,1616070033,14671860
113,1616070033,14980086
114,1616070033,14731963
115,1616070033,15157064
116,1616070033,15192100
117,1616070034/79213655,15373194
118,1616070034/79213655,15199126
119,1616070034/79213655,15404030
120,1616070035/79213656,15116000
121,1616070035/79213656,15185962
122,1616070036/79213657,15046030
123,1616070036/79213657,15037958
124,1616070036/79213657,14310766
125,1616070036/79213657,15185961
126,1616070036/79213657,15182032
127,1616070036/79213657,15242560
128,1616070036/79213657,15312000
129,1616070036/79213657,13211594
130,1616070036/79213657,15192099
131,1616070036/79213657,14988989
132,1616070036/79213657,15047904
133,1616070037/79213658,15206971
134,1616070038/79213659,14810112
135,1616070039/79213660,14809864
136,1616070039/79213660,15238057
137,1616070039/79213660,14810112
138,1616070040/79213661,14921004
139,1616070040/79213661,15452141
140,1616070041/79213662,15455982
141,1616070042/79213663,14988989
142,1616070042/79213663,15104957
143,1616070042/79213663,15181053
144,1616070043,15102173
145,1616070043,15331043
146,1616070043,15336249
147,1616070044,15331043
148,1616070044,15336249
149,1616070045/79213664,15046941
150,1616070045/79213664,15201033
151,1616070045/79213664,15452141
152,1616070045/79213664,15352015
153,1616070045/79213664,14921004
154,1616070045/79213664,15455982
155,1616070045/79213664,15274998
156,1616070046/79213665,15141113
157,1616070047/79213666,15455982
158,1616070048/79213667,14967876
159,1616070049/79213668,15455982
160,1616070050/79213669,14721277
161,1616070051/普00871177,14830136
162,1616070052/普00871178,14819946
163,1616070053/79213670-2,15038044
164,1616070053/79213670-2,14291730
165,1616070053/79213670-2,15004903
166,1616070053/79213670-2,14387743
167,1616070053/79213670-2,15128983
168,1616070053/79213670-2,15206970
169,1616070054/79213673,15056894
170,1616070054/79213673,14972011
171,1616070055/79213674,14804260
172,1616070055/79213674,14972011
173,1616070056/79213675,14804260
174,1616070056/79213675,14992909
175,1616070057/79213676,14310766
176,1616070057/79213676,14813741
177,1616070057/79213676,15185963
178,1616070057/79213676,15192099
179,1616070057/79213676,15242188
180,1616070057/79213676,15037958
181,1616070057/79213676,15312000
182,1616070057/79213676,15078912
183,1616070057/79213676,15330987
184,1616070057/79213676,15334065
185,1616070058/79213677,15046030
186,1616070059/79213678,15330987
187,1616070060/79213679,15047904
188,1616070060/79213679,14526773
189,1616070060/79213679,15185961
190,1616070060/79213679,14197589
191,1616070060/79213679,15185960
192,1616070060/79213679,15330987
193,1616070060/79213679,14310766
194,1616070060/79213679,15181053
195,1616070061/79213680,14980872
196,1616070062/79213681,15201035
197,1616070063/79213682,14251612
198,1616070064/79213683,15242090
199,1616070064/79213683,14935881
200,1616070064/79213683,15331110
201,1616070064/79213683,15335985
202,1616070065/79213684,15130026
203,1616070065/79213684,15162957
204,1616070065/79213684,14935882
205,1616070065/79213684,15077943
206,1616070065/79213684,14935885
207,1616070065/79213684,15242090
208,1616070065/79213684,15335984
209,1616070065/79213684,15230101
210,1616070066/79213685,15087039
211,1616070066/79213685,15587037
212,1616070066/79213685,15569988
213,1616070066/79213685,15225124
214,1616070067/普00871179,14979894
215,1616070068/普00871180,14979894
216,1616070069,6517622
217,1616070070,6517622
218,1616070071/普00871181,15116995
219,1616070071/普00871181,14819947
220,1616070072,14935101
221,1616070073,15193974
222,1616070074,14935101
223,1616070075,14935101
224,1616070076/79213686,15604979
225,1616070076/79213686,15604976
226,1616070076/79213686,15604977
227,1616070076/79213686,15604978
228,1616070076/79213686,15509968
229,1616070076/79213686,15604975
230,1616070077/79213687,15569988
231,1616070077/79213687,14935885
232,1616070077/79213687,15331110
233,1616070078/79213688,14935882
234,1616070079/79213689,9092590
235,1616070079/79213689,14270748
236,1616070079/79213689,13869592
237,1616070079/79213689,3397439
238,1616070079/79213689,15071315
239,1616070080/79213690,15181053
240,1616070080/79213690,15185963
241,1616070080/79213690,15037958
242,1616070080/79213690,15242187
243,1616070080/79213690,14310766
244,1616070080/79213690,15078912
245,1616070080/79213690,15240983
246,1616070080/79213690,15242560
247,1616070080/79213690,15046030
248,1616070080/79213690,15363007
249,1616070080/79213690,15206971
250,1616070081/79213691,15073880
251,1616070082/79213692,15046030
252,1616070082/79213692,15240983
253,1616070082/79213692,15037958
254,1616070083/79213693,15071961
255,1616070083/79213693,15145331
256,1616070083/79213693,6642591
257,1616070083/79213693,15181053
258,1616070084/79213694,15455982
259,1616070085/79213695,15046941
260,1616070085/79213695,14921004
261,1616070086/79213696,15452140
262,1616070087/79213697,15201033
263,1616070087/79213697,15201035
264,1616070088/79213698,14992909
265,1616070088/79213698,14818083
266,1616070088/79213698,15182028
267,1616070088/79213698,15562962
268,1616070089/79213699,15352015
269,1616070090/88761214,15452141
270,1616070091/79213700,14534724
271,1616070092/79213701,15444273
272,1616070092/79213701,14843870
273,1616070093/79213702,15352015
274,1616070094/79213703,15274998
275,1616070095/79213704,15201035
276,1616070096/79213705,15352015
277,1616070096/79213705,15452140
278,1616070097/79213706,15455982
279,1616070097/79213706,15312982
280,1616070097/79213706,15046941
281,1616070097/79213706,14921004
282,1616070097/79213706,15201034
283,1616070097/79213706,15452141
284,1616070098/79213707,15246081
285,1616070098/79213707,15598973
286,1616070099/79213708,15243031
287,1616070100/79213709,14972157
288,1616070100/79213709,13211594
289,1616070100/79213709,15334065
290,1616070100/79213709,15078912
291,1616070100/79213709,14995881
292,1616070100/79213709,14526773
293,1616070100/79213709,15330987
294,1616070100/79213709,15242496
295,1616070101/79213710,14731983
296,1616070102/79213711,15046941
297,1616070103/88761630,14813741
298,1616070103/88761630,15185962
299,1616070103/88761630,15185960
300,1616070103/88761630,15083976
301,1616070103/88761630,15181053
302,1616070103/88761630,15037958
303,1616070103/88761630,15182032
304,1616070104,13211594
305,1616070104,15166111
306,1616070104,6642591
307,1616070105/79213712,14804260
308,1616070105/79213712,14804238
309,1616070105/79213712,15056894
310,1616070106/79213713,15253082
311,1616070106/79213713,15182032
312,1616070106/79213713,15516005
313,1616070106/79213713,15078912
314,1616070106/79213713,15540004
315,1616070106/79213713,15185962
316,1616070106/79213713,15271976
317,1616070106/79213713,15181053
318,1616070107/79213714,14846195
319,1616070108/79213715,15090312
320,1616070108/79213715,15297003
321,1616070109/79213716,14866031
322,1616070110/79213717,15240983
323,1616070110/79213717,15151088
324,1616070110/79213717,15104957
325,1616070110/79213717,15185962
326,1616070110/79213717,15047904
327,1616070110/79213717,15116000
328,1616070110/79213717,15185960
329,1616070110/79213717,15181053
330,1616070110/79213717,15182032
331,1616070111/79213718,15455982
332,1616070111/79213718,15201033
333,1616070111/79213718,15046941
334,1616070111/79213718,15312982
335,1616070112/88761433/4,15531969
336,1616070112/88761433/4,15531961
337,1616070112/88761433/4,15531963
338,1616070112/88761433/4,15531959
339,1616070113/88761435,15531969
340,1616070113/88761435,15581974
341,1616070113/88761435,15531964
342,1616070113/88761435,15531960
343,1616070113/88761435,15531962
344,1616070113/88761435,15531965
345,1616070113/88761435,15531968
346,1616070114/79213719,15240983
347,1616070115/79213720,14797546
348,1616070116/79213721,15165018
349,1616070116/79213721,15312000
350,1616070116/79213721,15243031
351,1616070117/79213722,14995881
352,1616070117/79213722,14972157
353,1616070117/79213722,15078912
354,1616070117/79213722,14526773
355,1616070117/79213722,15089999
356,1616070118/79213723,15089999
357,1616070119,15436266
358,1616070119,15436267
359,1616070119,15471068
360,1616070119,15471066
361,1616070119,15471067
362,1616070119,15245999
363,1616070120,15471068
364,1616070121,15471068
365,1616070121,15471066
366,1616070122,15471066
367,1616070122,15471068
368,1616070123/79213724,14982990
369,1616070123/79213724,15162957
370,1616070123/79213724,14989886
371,1616070123/79213724,14962879
372,1616070123/79213724,15230086
373,1616070123/79213724,15331970
374,1616070124,15539983
375,1616070125,15539983
376,1616070126,15539984
377,1616070126,15539983
378,1616070127,15539983
379,1616070127,15539985
380,1616070127,15539984
381,1616070128,15539985
382,1616070128,15539983
383,1616070129,15539983
384,1616070130,15331043
385,1616070131,15331043
386,1616070132,15331043
387,1616070133,15331043
388,1616070134,14731963
389,1616070134,15192100
390,1616070136/79213726,14921004
391,1616070137/79213727,15455981
392,1616070137/79213727,15351065
393,1616070137/79213727,15455982
394,1616070138,15554042
395,1616070139,15554042
396,1616070140,15554042
397,1616070141,15436258
398,1616070141,15245997
399,1616070142,15471069
400,1616070143,15471068
401,1616070144,15471068
402,1616070144,15547003
403,1616070145,15436266
404,1616070146,15436255
405,1616070146,15436256
406,1616070146,15589015
407,1616070147,15436263
408,1616070148,15436253
409,1616070148,15383026
410,1616070149,15436267
411,1616070150,15436266
412,1616070151,15436271
413,1616070151,15383026
414,1616070152,15554042
415,1616070153,15554042
416,1616070154,15554042
417,1616070155,15554042
418,1616070156,15471068
419,1616070157,15436267
420,1616070158,15471068
421,1616070159,15436253
422,1616070159,15471068
423,1616070160,15471068
424,1616070161,15471068
425,1616070161,15436270
426,1616070161,15436253
427,1616070162/79213728,15455981
428,1616070162/79213728,14830970
429,1616070163/79213729,15312982
430,1616070163/79213729,15455981
431,1616070164/79213730,15351065
432,1616070165,15471068
433,1616070166,15471068
434,1616070167,15547003
435,1616070167,15471068
436,1616070168,15471068
437,1616070169,15471068
438,1616070170,15331043
439,1616070170,15102173
440,1616070171,15331043
441,1616070172,15331041
442,1616070173/79213731,15159038
443,1616070174,15157064
444,1616070174,14481833
445,1616070174,14675955
446,1616070174,14980086
447,1616070174,15192100
448,1616070175,14675955
449,1616070175,14980086
450,1616070175,15192100
451,1616070175,14481833
452,1616070175,14790551
453,1616070176,15331041
454,1616070177/79213732,14938903
455,1616070178/79213733,14938903
456,1616070178/79213733,15046941
457,1616070178/79213733,15452141
458,1616070178/79213733,15201035
459,1616070179,15570047
460,1616070180,15570047
461,1616070181,15547003
462,1616070182/普00871182,15247091
463,1616070182/普00871182,14967373
464,1616070182/普00871182,15016374
465,1616070182/普00871182,14803931
466,1616070182/普00871182,15103999
467,1616070182/普00871182,15133984
468,1616070182/普00871182,15046861
469,1616070183/普00871183,15103999
470,1616070183/普00871183,15247091
471,1616070183/普00871183,15133982
472,1616070183/普00871183,15133984
473,1616070183/普00871183,14803927
474,1616070183/普00871183,15051992
475,1616070183/普00871183,15203964
476,1616070183/普00871183,14934934
477,1616070183/普00871183,15155026
478,1616070184,15589017
479,1616070185,15436256
480,1616070186,15547003
481,1616070187,15436267
482,1616070188,15547004
483,1616070189,15547002
484,1616070190,15436272
485,1616070191,15547004
486,1616070192,15589165
487,1616070193,15589163
488,1616070194,15547003
489,1616070195,15547003
490,1616070196,15547003
491,1616070197,15436271
492,1616070197,15547004
493,1616070198,15436261
494,1616070198,15436265
495,1616070198,15436253
496,1616070198,15436270
497,1616070198,15436256
498,1616070199/79213734,15334065
499,1616070199/79213734,15242560
500,1616070199/79213734,15572978
501,1616070200/79213735,15185963
502,1616070201,15436256
503,1616070202,15436265
504,1616070203,15436269
505,1616070204,15547002
506,1616070205,15547003
507,1616070206,15547002
508,1616070207,15547002
509,1616070208,15436268
510,1616070209,15589017
511,1616070210,15436259
512,1616070211,15471068
513,1616070212,15383026
514,1616070213,15589015
515,1616070214,15589015
516,1616070215,15554042
517,1616070216,15471068
518,1616070217/79213736,15455982
519,1616070217/79213736,15351065
520,1616070218/88761631,15056894
521,1616070219/79213737,14972011
522,1616070219/79213737,15242437
523,1616070220,14654729
524,1616070220,14671860
525,1616070220,14980086
526,1616070221/普00871184,8519587
527,1616070221/普00871184,15192101
528,1616070222/79213738,14921003
529,1616070222/79213738,15455984
530,1616070223/79213739,15455981
531,1616070224/79213740,15455982
532,1616070224/79213740,15035996
533,1616070224/79213740,15455981
534,1616070225/79213741,15452141
535,1616070225/79213741,15352015
536,1616070225/79213741,15035996
537,1616070226,14980086
538,1616070226,14675955
539,1616070226,15157064
540,1616070226,15194056
541,1616070226,14481833
542,1616070226,15192100
543,1616070226,14671860
544,1616070227,14671860
545,1616070227,14980086
546,1616070227,14481833
547,1616070227,15157064
548,1616070227,15192100
549,1616070228,15192100
550,1616070228,14675955
551,1616070228,14980086
552,1616070228,14671860
553,1616070229/79213742,15455981
554,1616070230/79213743,14979894
555,1616070231/79213744,14832001
556,1616070231/79213744,14830970
557,1616070232/79213745,15352015
558,1616070232/79213745,15452141
559,1616070232/79213745,15455981
560,1616070233/79213746,15352015
561,1616070233/79213746,15201034
562,1616070234/79213747,15352015
563,1616070234/79213747,15201033
564,1616070234/79213747,14921004
565,1616070234/79213747,14921003
566,1616070234/79213747,15455982
567,1616070235/79213748,15312000
568,1616070236/79213749,14534724
569,1616070237/79213750,15455982
570,1616070237/79213750,15351065
571,1616070238/79213751,13420589
572,1616070239,14654729
573,1616070239,13217588
574,1616070239,14980086
575,1616070239,14671860
576,1616070239,15192100
577,1616070240/79213752,15246119
578,1616070241/79213753,13420589
579,1616070242/79213754,14491732
580,1616070242/79213754,14797546
581,1616070243/普00871185,14790349
582,1616070244/普00871186,15103999
583,1616070244/普00871186,15247091
584,1616070244/普00871186,14803927
585,1616070244/普00871186,15016374
586,1616070244/普00871186,15133984
587,1616070244/普00871186,15133983
588,1616070244/普00871186,15166058
589,1616070245/79213845,14935881
590,1616070245/79213845,14925917
591,1616070246/79213846,15240969
592,1616070246/79213846,15070914
593,1616070246/79213846,15078922
594,1616070246/79213846,14968998
595,1616070246/79213846,15000909
596,1616070247/79213847,14848877
597,1616070247/79213847,15083959
598,1616070247/79213847,15348976
599,1616070248/79213848,14832001
600,1616070248/79213848,14534724
601,1616070249/79213849,14923917
602,1616070250/79213850,15348978
603,1616070250/79213850,15090312
604,1616070251,15194056
605,1616070251,14980086
606,1616070251,15157064
607,1616070251,15192100
608,1616070251,14481833
609,1616070252/79213851,14843870
610,1616070253/79213852,15455984
611,1616070254/79213853,14251604
612,1616070254/79213853,15312982
613,1616070255/79213854,14921004
614,1616070255/79213854,15452141
615,1616070255/79213854,15352015
616,1616070255/79213854,15312982
617,1616070255/79213854,15201033
618,1616070255/79213854,14921003
619,1616070255/79213854,15455984
620,1616070255/79213854,15201034
621,1616070256/79213855,15185961
622,1616070256/79213855,15047904
623,1616070256/79213855,15243031
624,1616070256/79213855,15078912
625,1616070256/79213855,15242560
626,1616070256/79213855,15151088
627,1616070256/79213855,15334066
628,1616070257/79213856,15242560
629,1616070257/79213856,15104957
630,1616070257/79213856,15078912
631,1616070258/79213857,15242560
632,1616070258/79213857,15078912
633,1616070258/79213857,15104957
634,1616070259/79213858,15046941
635,1616070259/79213858,15455984
636,1616070260/79213859,15455982
637,1616070261/79213860,15201033
638,1616070261/79213860,14921004
639,1616070262/79213861,15181053
640,1616070262/79213861,15526998
641,1616070262/79213861,15151088
642,1616070262/79213861,15540004
643,1616070262/79213861,14676836
644,1616070262/79213861,15240983
645,1616070262/79213861,14972157
646,1616070263/79213862,14310766
647,1616070263/79213862,15047904
648,1616070263/79213862,15182032
649,1616070264/79213863,15151088
650,1616070264/79213863,15334065
651,1616070264/79213863,13211594
652,1616070264/79213863,15145331
653,1616070264/79213863,15185963
654,1616070264/79213863,15073879
655,1616070264/79213863,14988989
656,1616070264/79213863,15084996
657,1616070264/79213863,14790218
658,1616070264/79213863,15312000
659,1616070264/79213863,15037958
660,1616070264/79213863,15526998
661,1616070264/79213863,15520988
662,1616070265/79213864,15221956
663,1616070265/79213864,15334066
664,1616070265/79213864,15037958
665,1616070265/79213864,14995881
666,1616070265/79213864,15129037
667,1616070265/79213864,15363007
668,1616070265/79213864,15240983
669,1616070265/79213864,15151088
670,1616070266/79213865,15242437
671,1616070266/79213865,14957869
672,1616070266/79213865,15056894
673,1616070266/79213865,15415026
674,1616070267/79213866,14804253
675,1616070268/79213867,15242560
676,1616070268/79213867,15253082
677,1616070269/79213868,14310766
678,1616070269/79213868,15372066
679,1616070269/79213868,15037958
680,1616070269/79213868,15243031
681,1616070269/79213868,15104957
682,1616070269/79213868,15312000
683,1616070269/79213868,15204961
684,1616070270,15471973
685,1616070271/79213869,15542965
686,1616070272/79213870,15184975
687,1616070272/79213870,15569990
688,1616070272/79213870,15255114
689,1616070272/79213870,15070934
690,1616070272/79213870,15184977
691,1616070272/79213870,13169588
692,1616070272/79213870,15038044
693,1616070272/79213870,15184976
694,1616070272/79213870,14813663
695,1616070272/79213870,15242384
696,1616070272/79213870,15151089
697,1616070273,15471068
698,1616070274,15471068
699,1616070275,15363964
700,1616070275,15245997
701,1616070276,15471068
702,1616070277,15245997
703,1616070277,15363964
704,1616070278,15436255
705,1616070278,15436270
706,1616070279,15363964
707,1616070280,15436270
708,1616070281,15471068
709,1616070282,15245997
710,1616070283/79213871,15023910
711,1616070284,15471068
712,1616070284,15547003
713,1616070285,15471068
714,1616070286,15471068
715,1616070287,15471068
716,1616070288,15103999
717,1616070288,15336249
718,1616070288,15331041
719,1616070289,15471973
720,1616070290,15245997
721,1616070290,15436264
722,1616070291,15245997
723,1616070292,15245997
724,1616070292,15436255
725,1616070293/79213872,15455982
726,1616070293/79213872,15452140
727,1616070294/79213873,14993040
728,1616070295/79213874,15445036
729,1616070295/79213874,14797542
730,1616070295/79213874,15445029
731,1616070295/79213874,14491732
732,1616070295/79213874,14870091
733,1616070295/79213874,15083961
734,1616070296/79213875,15166002
735,1616070296/79213875,14491729
736,1616070297/79213876,14491729
737,1616070298/88761632,14992909
738,1616070299/88761633,14992909
739,1616070299/88761633,14844938
740,1616070300/79213877,15415026
741,1616070300/79213877,14844938
742,1616070301/79213878,15415026
743,1616070302/79213879,15180967
744,1616070302/79213879,14844938
745,1616070302/79213879,15331059
746,1616070303/79213880,15242437
747,1616070303/79213880,15415026
748,1616070304/79213881,15185071
749,1616070304/79213881,15313288
750,1616070304/79213881,15192200
751,1616070304/79213881,15052862
752,1616070304/79213881,15331110
753,1616070304/79213881,15623037
754,1616070304/79213881,15242090
755,1616070305,15331043
756,1616070306,15331043
757,1616070307,14980086
758,1616070307,15192100
759,1616070307,14790551
760,1616070307,14481833
761,1616070307,15194056
762,1616070308,15157064
763,1616070308,15192100
764,1616070308,14790551
765,1616070308,14481833
766,1616070308,14980086
767,1616070308,15194056
768,1616070309,15157064
769,1616070309,14481833
770,1616070309,15194056
771,1616070309,14675955
772,1616070309,15192100
773,1616070309,14980086
774,1616070309,14790551
775,1616070310,14980086
776,1616070310,15157064
777,1616070310,13217588
778,1616070310,8768587
779,1616070310,15194056
780,1616070310,14481833
781,1616070310,14790551
782,1616070310,15192100
783,1616070311,14481833
784,1616070311,14980086
785,1616070312/79213882,15201035
786,1616070313/79213883,15046941
787,1616070313/79213883,14921004
788,1616070314/79213884,15569991
789,1616070315/79213885,15569991
790,1616070316/79213886,15159038
791,1616070317/79213887,15455982
792,1616070318/79213888,15455981
793,1616070319/79213889,15159038
794,1616070319/79213889,15312982
795,1616070320/79213890,14921003
796,1616070321/79213891,15083959
797,1616070321/79213891,14797546
798,1616070321/79213891,15348976
799,1616070322/79213892,14843870
800,1616070323,15539985
801,1616070324,15539985
802,1616070324,15539984
803,1616070324,15539983
804,1616070325,15539985
805,1616070326/79213893,15334065
806,1616070326/79213893,15071315
807,1616070326/79213893,15363007
808,1616070326/79213893,15104957
809,1616070326/79213893,13211594
810,1616070326/79213893,15116000
811,1616070326/79213893,15185963
812,1616070326/79213893,15151088
813,1616070326/79213893,15242188
814,1616070326/79213893,15334066
815,1616070327/79213894,14526773
816,1616070328/79213895,14921003
817,1616070329/79213896,15312982
818,1616070330/79213897,14788977
819,1616070330/79213897,14843870
820,1616070331/79213898,14846195
821,1616070331/79213898,14843869
822,1616070332/79213899,15452140
823,1616070333/79213900,15452141
824,1616070333/79213900,15455982
825,1616070334/79213901,15352015
826,1616070335/79213902,15242494
827,1616070335/79213902,15562962
828,1616070335/79213902,15578026
829,1616070336,15194056
830,1616070336,13217588
831,1616070336,14675955
832,1616070336,8768587
833,1616070336,14481833
834,1616070336,14731963
835,1616070336,14980086
836,1616070336,15192100
837,1616070336,15157064
838,1616070337,15539985
839,1616070338/79213903,15158046
840,1616070338/79213903,14534724
841,1616070339/79213904,14310766
842,1616070339/79213904,15312000
843,1616070339/79213904,15037958
844,1616070339/79213904,15182032
845,1616070339/79213904,15104957
846,1616070339/79213904,6642591
847,1616070339/79213904,15151088
848,1616070339/79213904,15240983
849,1616070340/79213918,15037958
850,1616070340/79213918,15046030
851,1616070340/79213918,15240983
852,1616070340/79213918,15242560
853,1616070341/79213906,15242560
854,1616070342,15570048
855,1616070342,15471069
856,1616070342,15245997
857,1616070342,15471068
858,1616070343,15471068
859,1616070343,15570048
860,1616070343,15471069
861,1616070344,15471068
862,1616070344,15570048
863,1616070345,15471069
864,1616070345,15570048
865,1616070346,15570048
866,1616070347/79213907,15185962
867,1616070347/79213907,15037958
868,1616070347/79213907,15185963
869,1616070347/79213907,15242187
870,1616070347/79213907,15240983
871,1616070347/79213907,15182032
872,1616070347/79213907,15181053
873,1616070347/79213907,15242560
874,1616070347/79213907,15242188
875,1616070347/79213907,15540004
876,1616070347/79213907,15363007
877,1616070348/79213908,15242187
878,1616070348/79213908,15151088
879,1616070348/79213908,15334066
880,1616070348/79213908,6642591
881,1616070349/79213909,15569991
882,1616070350/79213910,15037958
883,1616070350/79213910,15240983
884,1616070351/79213911,15455982
885,1616070352/79213912,14967876
886,1616070353/79213913,15455982
887,1616070353/79213913,15035996
888,1616070354/79213914,15455981
889,1616070355/79213919,15313288
890,1616070355/79213919,15489018
891,1616070355/79213919,14935885
892,1616070355/79213919,15011907
893,1616070355/79213919,15049889
894,1616070355/79213919,14925917
895,1616070356/79213955,14935881
896,1616070356/79213955,14935882
897,1616070357,15331043
898,1616070358,15331043
899,1616070359,13217588
900,1616070359,15192100
901,1616070359,15194056
902,1616070359,14980086
903,1616070360,14481833
904,1616070360,14980086
905,1616070360,15194056
906,1616070361/88761634,15585052
907,1616070362/79213920,15157064
908,1616070363/88761635,15192057
909,1616070363/88761635,15436226
910,1616070364/88761636,15542965
911,1616070364/88761636,15182005
912,1616070364/88761636,15512018
913,1616070364/88761636,15487025
914,1616070364/88761636,15469965
915,1616070365/79213921,15002577
916,1616070365/79213921,15348978
917,1616070366/79213922,15192057
918,1616070367,15102173
919,1616070368,15331043
920,1616070369/79213923,15455984
921,1616070369/79213923,14921003
922,1616070370/88761637,14848877
923,1616070370/88761637,15584965
924,1616070370/88761637,15192057
925,1616070370/88761637,15585052
926,1616070371/79213999,15331110
927,1616070371/79213999,14973149
928,1616070372/79213924,15217056
929,1616070372/79213924,15118971
930,1616070372/79213924,15205995
931,1616070373/79213925,15352015
932,1616070373/79213925,15455982
933,1616070374/79213926,15455982
934,1616070375/79213927,15334065
935,1616070375/79213927,15253082
936,1616070375/79213927,15037958
937,1616070376/79213928,14972011
938,1616070377/79213929,14844938
939,1616070377/79213929,14972011
940,1616070377/79213929,15389959
941,1616070378/79213930,15598972
942,1616070379/79213931,14972011
943,1616070380/79213932,15318063
944,1616070380/79213932,14957868
945,1616070380/79213932,14957869
946,1616070380/79213932,14931950
947,1616070381/79213933,15415026
948,1616070381/79213933,15182028
949,1616070381/79213933,15056894
950,1616070381/79213933,15389959
951,1616070381/79213933,14844938
952,1616070382/79213934,15242494
953,1616070382/79213934,14844938
954,1616070383/79213935,15151285
955,1616070383/79213935,15364983
956,1616070383/79213935,15145171
957,1616070384/79213936,15330987
958,1616070384/79213936,14988989
959,1616070384/79213936,15334065
960,1616070384/79213936,15047904
961,1616070385/79213937,15046030
962,1616070385/79213937,15242187
963,1616070385/79213937,14988989
964,1616070385/79213937,15242560
965,1616070386/79213938,15405075
966,1616070386/79213938,15064921
967,1616070387/79213939,15405075
968,1616070387/79213939,15141113
969,1616070388/79213940,14988989
970,1616070388/79213940,15243031
971,1616070389/79213941,14270748
972,1616070389/79213941,14197589
973,1616070390/79213942,14921004
974,1616070391/79213943,15037958
975,1616070391/79213943,15071960
976,1616070391/79213943,14310766
977,1616070391/79213943,15046030
978,1616070391/79213943,15151088
979,1616070391/79213943,15071315
980,1616070391/79213943,15185963
981,1616070391/79213943,15002037
982,1616070391/79213943,15192099
983,1616070392/79213944,6642591
984,1616070392/79213944,9325588
985,1616070392/79213944,15185960
986,1616070392/79213944,14988989
987,1616070393/79213945,15243031
988,1616070394,15331043
989,1616070394,15102173
990,1616070395,15102173
991,1616070396/79213946,15166003
992,1616070396/79213946,15315988
993,1616070396/79213946,15140964
994,1616070396/79213946,15182005
995,1616070397/79213947,15078912
996,1616070397/79213947,15330987
997,1616070397/79213947,15192099
998,1616070397/79213947,15151088
999,1616070397/79213947,14988989
1000,1616070398/88761638,14988989
1001,1616070398/88761638,15271976
1002,1616070398/88761638,15242560
1003,1616070398/88761638,15002037
1004,1616070399/79213948,15312982
1005,1616070399/79213948,15352015
1006,1616070399/79213948,15201033
1007,1616070399/79213948,15452141
1008,1616070399/79213948,14251604
1009,1616070399/79213948,15455982
1010,1616070400/79213949,15410962
1011,1616070400/79213949,15112975
1012,1616070401/79213950,15151285
1013,1616070401/79213950,15141113
1014,1616070402/79213951,15243031
1015,1616070403/79213952,15452141
1016,1616070404/79213956,14863929
1017,1616070404/79213956,15199048
1018,1616070405/79213957,15035996
1019,1616070406/79213958,15405075
1020,1616070406/79213958,15141113
1021,1616070406/79213958,15145171
1022,1616070407/79213959,14310766
1023,1616070407/79213959,15181053
1024,1616070407/79213959,3397439
1025,1616070407/79213959,15240983
1026,1616070407/79213959,15242560
1027,1616070408/79213960,15542007
1028,1616070409/79213961,14526773
1029,1616070409/79213961,14310766
1030,1616070409/79213961,13211594
1031,1616070409/79213961,15151088
1032,1616070409/79213961,14676836
1033,1616070409/79213961,15540004
1034,1616070409/79213961,15182032
1035,1616070410,15157064
1036,1616070410,14671860
1037,1616070410,15194056
1038,1616070410,14980086
1039,1616070411,14675955
1040,1616070411,13217588
1041,1616070411,14671860
1042,1616070411,15194056
1043,1616070411,14980086
1044,1616070411,14790551
1045,1616070411,15157064
1046,1616070412/79213962,15046941
1047,1616070412/79213962,15455982
1048,1616070413/79213963,15201035
1049,1616070413/79213963,15352015
1050,1616070414,14671860
1051,1616070414,15194056
1052,1616070414,14980086
1053,1616070415,15192100
1054,1616070415,14671860
1055,1616070415,14675955
1056,1616070415,15157064
1057,1616070415,13217588
1058,1616070415,15194056
1059,1616070416,13217588
1060,1616070416,15192101
1061,1616070416,14671860
1062,1616070416,14980086
1063,1616070416,15194058
1064,1616070416,14675955
1065,1616070416,15192100
1066,1616070417,15194056
1067,1616070417,14675955
1068,1616070417,8768587
1069,1616070417,13217588
1070,1616070417,15539983
1071,1616070417,14671860
1072,1616070417,15157064
1073,1616070417,14980086
1074,1616070417,15192100
1075,1616070418,14980086
1076,1616070418,15194056
1077,1616070418,15192101
1078,1616070418,14671860
1079,1616070418,14675955
1080,1616070418,14790551
1081,1616070418,15192100
1082,1616070419,15192100
1083,1616070419,14675955
1084,1616070419,14671860
1085,1616070419,15194056
1086,1616070419,15157064
1087,1616070419,8768587
1088,1616070420,15102173
1089,1616070420,15331043
1090,1616070421/79213964,15623037
1091,1616070421/79213964,15151177
1092,1616070421/79213964,15554003
1093,1616070421/79213964,15554004
1094,1616070422/79213965,14989886
1095,1616070422/79213965,15162957
1096,1616070422/79213965,15130030
1097,1616070422/79213965,15166094
1098,1616070422/79213965,14982989
1099,1616070423/79213966,15625971
1100,1616070423/79213966,15623037
1101,1616070424/79213967,15305978
1102,1616070424/79213967,15077943
1103,1616070424/79213967,15162957
1104,1616070425/79213968,15201035
1105,1616070426,15336249
1106,1616070427,15336249
1107,1616070428,15336249
1108,1616070429,15336249
1109,1616070430/79213969,15455982
1110,1616070430/79213969,15455981
1111,1616070430/79213969,15201033
1112,1616070431/79213970,15352015
1113,1616070431/79213970,15452141
1114,1616070431/79213970,15201033
1115,1616070432/79213971,14921004
1116,1616070432/79213971,15455982
1117,1616070432/79213971,15455981
1118,1616070433/79213972,15274998
1119,1616070434/79213973,15073880
1120,1616070434/79213973,15312000
1121,1616070434/79213973,15206971
1122,1616070435/79213974,15242560
1123,1616070435/79213974,15206971
1124,1616070435/79213974,14310766
1125,1616070435/79213974,15073880
1126,1616070435/79213974,15243031
1127,1616070435/79213974,15334065
1128,1616070435/79213974,15192099
1129,1616070435/79213974,15182032
1130,1616070435/79213974,15334066
1131,1616070435/79213974,15083976
1132,1616070435/79213974,15185962
1133,1616070435/79213974,15372066
1134,1616070435/79213974,15181053
1135,1616070435/79213974,15185963
1136,1616070435/79213974,15387977
1137,1616070435/79213974,15387055
1138,1616070436/79213975,15538989
1139,1616070437,15539985
1140,1616070437,15539983
1141,1616070438,15539985
1142,1616070439,15539983
1143,1616070439,15539985
1144,1616070440/79213976,15240983
1145,1616070440/79213976,14310766
1146,1616070440/79213976,15242560
1147,1616070441/79213977,14993040
1148,1616070442/79213978,15047904
1149,1616070443/79213979,15334065
1150,1616070443/79213979,15242560
1151,1616070443/79213979,15078912
1152,1616070443/79213979,14988989
1153,1616070443/79213979,15116000
1154,1616070443/79213979,15372066
1155,1616070443/79213979,15182032
1156,1616070443/79213979,15192099
1157,1616070444/79213980,15078912
1158,1616070445/79213981,15242560
1159,1616070445/79213981,15330987
1160,1616070445/79213981,15182032
1161,1616070446/79213982,14957869
1162,1616070446/79213982,15598972
1163,1616070446/79213982,14957868
1164,1616070446/79213982,15318063
1165,1616070447/79213983,15415026
1166,1616070448/79213984,14803086
1167,1616070448/79213984,15035996
1168,1616070449/79213985,15455981
1169,1616070449/79213985,15352015
1170,1616070450/79213986,15455984
1171,1616070450/79213986,14921004
1172,1616070450/79213986,15201033
1173,1616070451/79213987,15455984
1174,1616070452/79213988,14921003
1175,1616070452/79213988,15455982
1176,1616070453/79213989,15104957
1177,1616070454/79213990,14863927
1178,1616070454/79213990,14864861
1179,1616070454/79213990,14863929
1180,1616070455/79213991,15109062
1181,1616070456/79213992,15588010
1182,1616070456/79213992,15137074
1183,1616070456/79213992,15579965
1184,1616070456/79213992,15588008
1185,1616070456/79213992,15137096
1186,1616070457/79213993,15364983
1187,1616070457/79213993,15145171
1188,1616070458/79213994,15532001
1189,1616070459/79213995,15145331
1190,1616070460,15471068
1191,1616070460,15471069
1192,1616070460,15570048
1193,1616070460,15570047
1194,1616070460,15589013
1195,1616070461,15471973
1196,1616070462/79214000,15372066
1197,1616070463,15331043
1198,1616070464,15102173
1199,1616070465,15331043
1200,1616070465,15102173
1201,1616070466,15336249
1202,1616070467,14481833
1203,1616070467,14671860
1204,1616070467,13217588
1205,1616070468,15194060
1206,1616070468,15192100
1207,1616070468,14481833
1208,1616070468,13217588
1209,1616070468,15157064
1210,1616070469,14890070
1211,1616070469,14788975
1212,1616070469,15156064
1213,1616070469,14787198
1214,1616070469,15058062
1215,1616070469,14191598
1216,1616070469,15348978
1217,1616070469,15512018
1218,1616070469,15193973
1219,1616070469,15182005
1220,1616070469,15587004
1221,1616070469,15193972
1222,1616070469,15348977
1223,1616070469,14843868
1224,1616070469,15553979
1225,1616070469,15182010
1226,1616070469,15315988
1227,1616070469,15297003
1228,1616070469,14935101
1229,1616070469,15220964
1230,1616070470,15090312
1231,1616070470,15220962
1232,1616070470,15242274
1233,1616070470,15275026
1234,1616070470,15140961
1235,1616070470,14972945
1236,1616070470,15297002
1237,1616070470,15254978
1238,1616070470,15553979
1239,1616070470,15058062
1240,1616070470,15587004
1241,1616070471/88761151,14491732
1242,1616070471/88761151,15587006
1243,1616070471/88761151,14787198
1244,1616070472,14481833
1245,1616070472,13217588
1246,1616070472,15157064
1247,1616070472,15194060
1248,1616070473,15192100
1249,1616070473,14481833
1250,1616070473,14790551
1251,1616070473,13217588
1252,1616070473,15194060
1253,1616070473,14675955
1254,1616070473,15157064
1255,1616070474,14675955
1256,1616070474,15157064
1257,1616070474,14671860
1258,1616070474,15192100
1259,1616070474,14481833
1260,1616070474,14790551
1261,1616070475,15192100
1262,1616070475,14481833
1263,1616070475,15157064
1264,1616070476,15471069
1265,1616070476,15245997
1266,1616070476,15471068
1267,1616070477,15570048
1268,1616070478,15570048
1269,1616070478,15471068
1270,1616070478,15436256
1271,1616070478,15471069
1272,1616070479,15471068
1273,1616070479,15471069
1274,1616070479,15570050
1275,1616070479,15547003
1276,1616070479,15245997
1277,1616070480,15570048
1278,1616070480,15570050
1279,1616070481,15554042
1280,1616070482,15436256
1281,1616070482,15570050
1282,1616070483,15570050
1283,1616070484,15570050
1284,1616070485,15570050
1285,1616070486,15471068
1286,1616070487,15245997
1287,1616070487,15471068
1288,1616070488,15554042
1289,1616070489,15471068
1290,1616070490,15547003
1291,1616070490,15471068
1292,1616070491,15471069
1293,1616070492,15471069
1294,1616070493,15471069
1295,1616070493,15245997
1296,1616070494,15436269
1297,1616070494,15436270
1298,1616070494,15436271
1299,1616070494,15471068
1300,1616070494,15570048
1301,1616070495,15570048
1302,1616070495,15471068
1303,1616070495,15547003
1304,1616070496,15554042
1305,1616070497,15245997
1306,1616070497,15471069
1307,1616070497,15436270
1308,1616070498,15471069
1309,1616070498,15436269
1310,1616070498,15471068
1311,1616070498,15570050
1312,1616070499,15554042
1313,1616070500,15554042
1314,1616070501,15436264
1315,1616070501,15471069
1316,1616070502,15570050
1317,1616070503,15570048
1318,1616070503,15471068
1319,1616070503,15547003
1320,1616070504,15554042
1321,1616070505,15570048
1322,1616070506,15547003
1323,1616070506,15471069
1324,1616070507,15570049
1325,1616070508,15547003
1326,1616070509,15589014
1327,1616070510,15589017
1328,1616070511,15436256
1329,1616070512,15547004
1330,1616070513,15436269
1331,1616070514,15436263
1332,1616070515,15436269
1333,1616070515,15589017
1334,1616070516,15436271
1335,1616070517,15436253
1336,1616070517,15436270
1337,1616070518/88761152,14972011
1338,1616070518/88761152,15553981
1339,1616070519/88761153,14804260
1340,1616070520/88761154,15181053
1341,1616070520/88761154,15073879
1342,1616070520/88761154,15192099
1343,1616070520/88761154,15334065
1344,1616070520/88761154,15240983
1345,1616070520/88761154,15334066
1346,1616070520/88761154,14270748
1347,1616070521/88761155,15363007
1348,1616070521/88761155,15104957
1349,1616070521/88761155,15165018
1350,1616070521/88761155,15242187
1351,1616070521/88761155,15181053
1352,1616070521/88761155,15185962
1353,1616070521/88761155,15242188
1354,1616070522/88761156,15182032
1355,1616070522/88761156,15185962
1356,1616070522/88761156,15540004
1357,1616070522/88761156,15047904
1358,1616070522/88761156,15185961
1359,1616070522/88761156,15242187
1360,1616070523/88761157,15047904
1361,1616070523/88761157,14310766
1362,1616070523/88761157,15540004
1363,1616070523/88761157,15526998
1364,1616070523/88761157,15242187
1365,1616070523/88761157,14676836
1366,1616070523/88761157,14526773
1367,1616070524/88761158,15542007
1368,1616070524/88761158,15312000
1369,1616070524/88761158,15204961
1370,1616070524/88761158,15073880
1371,1616070525,15539983
1372,1616070526,15539983
1373,1616070527,15539983
1374,1616070528,15539983
1375,1616070529,15539983
1376,1616070530,15539983
1377,1616070531/88761159,14921004
1378,1616070532/88761160,15078912
1379,1616070532/88761160,15242560
1380,1616070533/88761544,15632990
1381,1616070533/88761544,15553982
1382,1616070533/88761544,15460968
1383,1616070534/88761161,14921003
1384,1616070535,15058062
1385,1616070535,14717889
1386,1616070535,15242276
1387,1616070535,15193972
1388,1616070535,15140961
1389,1616070535,15297002
1390,1616070535,15348976
1391,1616070535,15275026
1392,1616070535,15348977
1393,1616070535,15510006
1394,1616070535,15388062
1395,1616070535,14972945
1396,1616070535,15166003
1397,1616070535,15553979
1398,1616070535,15193975
1399,1616070535,15587004
1400,1616070536/88761795,15201033
1401,1616070536/88761795,15352015
1402,1616070537,15140963
1403,1616070537,15058062
1404,1616070537,15090312
1405,1616070537,15140961
1406,1616070537,15156064
1407,1616070537,15348977
1408,1616070537,15193972
1409,1616070537,15182005
1410,1616070537,14972945
1411,1616070537,15553979
1412,1616070537,15220963
1413,1616070537,15297002
1414,1616070537,15275026
1415,1616070537,15297003
1416,1616070537,15587004
1417,1616070538,15315988
1418,1616070538,15090312
1419,1616070538,15348978
1420,1616070538,14191598
1421,1616070538,15140963
1422,1616070538,14798851
1423,1616070538,15587004
1424,1616070538,14972945
1425,1616070538,15348977
1426,1616070538,15220964
1427,1616070538,15388062
1428,1616070538,15168074
1429,1616070538,15140961
1430,1616070538,15242276
1431,1616070538,15275026
1432,1616070538,14890070
1433,1616070538,15140959
1434,1616070538,15553979
1435,1616070538,15242273
1436,1616070538,15192057
1437,1616070538,15487025
1438,1616070538,15058062
1439,1616070538,15193972
1440,1616070538,15193973
1441,1616070538,15220962
1442,1616070538,15512018
1443,1616070539,15140234
1444,1616070539,15220962
1445,1616070539,14717885
1446,1616070539,14935101
1447,1616070539,14890070
1448,1616070539,14791904
1449,1616070539,15315988
1450,1616070539,14191598
1451,1616070539,15348977
1452,1616070539,15058062
1453,1616070539,15348976
1454,1616070539,15275026
1455,1616070539,14972945
1456,1616070539,3415362
1457,1616070539,15348979
1458,1616070539,15192057
1459,1616070539,15575000
1460,1616070539,15242276
1461,1616070539,15444222
1462,1616070539,15193974
1463,1616070539,15512018
1464,1616070539,15297002
1465,1616070539,14846195
1466,1616070539,15193973
1467,1616070539,15254978
1468,1616070539,15166003
1469,1616070539,15587004
1470,1616070539,15487025
1471,1616070539,15182009
1472,1616070539,15553979
1473,1616070539,15193972
1474,1616070539,15542965
1475,1616070540/88761162,14844938
1476,1616070540/88761162,15078018
1477,1616070540/88761162,15415026
1478,1616070540/88761162,14804260
1479,1616070541/88761163,14813741
1480,1616070541/88761163,15271976
1481,1616070541/88761163,9325588
1482,1616070541/88761163,15071960
1483,1616070541/88761163,15242560
1484,1616070541/88761163,15078912
1485,1616070541/88761163,15083976
1486,1616070541/88761163,15243031
1487,1616070542/88761164,15047904
1488,1616070542/88761164,15104957
1489,1616070543/88761165,15037958
1490,1616070543/88761165,15046030
1491,1616070544/88761166,15206971
1492,1616070544/88761166,15078912
1493,1616070544/88761166,15334065
1494,1616070544/88761166,14526773
1495,1616070544/88761166,15540004
1496,1616070545/88761167,15151088
1497,1616070545/88761167,15192099
1498,1616070545/88761167,15181053
1499,1616070545/88761167,15334066
1500,1616070545/88761167,15334065
1501,1616070545/88761167,14526773
1502,1616070546/88761168,15047904
1503,1616070546/88761168,15046030
1504,1616070546/88761168,15182032
1505,1616070547/88761436,15242560
1506,1616070547/88761436,15240983
1507,1616070547/88761436,15181053
1508,1616070547/88761436,15089999
1509,1616070548/88761169,14310766
1510,1616070548/88761169,6642591
1511,1616070548/88761169,15192099
1512,1616070548/88761169,15151088
1513,1616070548/88761169,15083976
1514,1616070548/88761169,15363007
1515,1616070548/88761169,14816941
1516,1616070548/88761169,15104957
1517,1616070548/88761169,15242560
1518,1616070549/88761170,14787198
1519,1616070549/88761170,14141594
1520,1616070550/88761171,14806983
1521,1616070550/88761171,15104957
1522,1616070550/88761171,15046030
1523,1616070550/88761171,15078912
1524,1616070550/88761171,15372066
1525,1616070550/88761171,13211594
1526,1616070550/88761171,15206971
1527,1616070550/88761171,15272968
1528,1616070551/88761172,13169588
1529,1616070551/88761172,15452085
1530,1616070551/88761172,15038044
1531,1616070551/88761172,14291730
1532,1616070551/88761172,15181961
1533,1616070551/88761172,15569990
1534,1616070551/88761172,15184975
1535,1616070551/88761172,15083367
1536,1616070551/88761172,15206970
1537,1616070551/88761172,15004903
1538,1616070551/88761172,15016463
1539,1616070551/88761172,15181960
1540,1616070552/88761173,15038044
1541,1616070552/88761173,15156970
1542,1616070552/88761173,15181960
1543,1616070552/88761173,15499967
1544,1616070552/88761173,15072864
1545,1616070552/88761173,13169588
1546,1616070552/88761173,15083367
1547,1616070552/88761173,15184976
1548,1616070552/88761173,15180002
1549,1616070552/88761173,15151960
1550,1616070552/88761173,15184975
1551,1616070552/88761173,15630985
1552,1616070552/88761173,15358059
1553,1616070552/88761173,15181961
1554,1616070552/88761173,15242384
1555,1616070552/88761173,15206970
1556,1616070552/88761173,15510025
1557,1616070553/88761174,14989885
1558,1616070553/88761174,14935884
1559,1616070553/88761174,14993930
1560,1616070554/88761175,15498994
1561,1616070554/88761175,15185071
1562,1616070554/88761175,15335985
1563,1616070554/88761175,15305978
1564,1616070554/88761175,14935884
1565,1616070554/88761175,15394013
1566,1616070554/88761175,15633963
1567,1616070555/88761176,15199048
1568,1616070556/88761177,15199051
1569,1616070557/88761178,14804253
1570,1616070557/88761178,14957869
1571,1616070557/88761178,15078018
1572,1616070557/88761178,14957868
1573,1616070557/88761178,15052017
1574,1616070558/88761179,15078018
1575,1616070559/88761180,15065888
1576,1616070559/88761180,15331110
1577,1616070559/88761180,15242090
1578,1616070559/88761180,14993930
1579,1616070559/88761180,15035991
1580,1616070560/88761181,15104085
1581,1616070561/88761182,15104085
1582,1616070562/88761183,15594966
1583,1616070563/88761184,15594966
1584,1616070563/88761184,15594967
1585,1616070564/88761185,15594966
1586,1616070565/88761186,15594966
1587,1616070565/88761186,15594969
1588,1616070566/88761187,15594969
1589,1616070566/88761187,15594968
1590,1616070567/88761188,15594968
1591,1616070568/88761189,15594968
1592,1616070569/88761190,15444273
1593,1616070569/88761190,14787198
1594,1616070570/88761191,15522976
1595,1616070570/88761191,15520988
1596,1616070571/88761192,15243031
1597,1616070572/88761193,15243031
1598,1616070572/88761193,15312000
1599,1616070573/88761215,15070914
1600,1616070573/88761215,15162957
1601,1616070573/88761215,15394014
1602,1616070573/88761215,15163960
1603,1616070573/88761215,15394015
1604,1616070574/88761216,15623037
1605,1616070574/88761216,15589174
1606,1616070574/88761216,15625971
1607,1616070574/88761216,15551006
1608,1616070574/88761216,15569988
1609,1616070575/88761751,15331110
1610,1616070576/88761752,14925917
1611,1616070576/88761752,14935885
1612,1616070576/88761752,14935882
1613,1616070577/88761753,14935885
1614,1616070577/88761753,14925917
1615,1616070577/88761753,14935882
1616,1616070578/88761217,15035996
1617,1616070579/88761218,15274998
1618,1616070580/88761219,15073880
1619,1616070580/88761219,15116000
1620,1616070580/88761219,15104957
1621,1616070581/88761545,15554003
1622,1616070581/88761545,15574054
1623,1616070581/88761545,15589174
1624,1616070581/88761545,15236972
1625,1616070582/88761220,14935885
1626,1616070582/88761220,14982988
1627,1616070582/88761220,15035991
1628,1616070582/88761220,15313288
1629,1616070582/88761220,15065888
1630,1616070582/88761220,15331110
1631,1616070583,15140961
1632,1616070583,15553979
1633,1616070583,15058062
1634,1616070583,15140963
1635,1616070583,15348976
1636,1616070584/88761221,14921003
1637,1616070584/88761221,15046941
1638,1616070585/88761222,14534724
1639,1616070585/88761222,15104076
1640,1616070586/88761223,15035996
1641,1616070587/88761224,15166003
1642,1616070588/88761225,14846195
1643,1616070589/88761226,14797542
1644,1616070590/88761227,14797542
1645,1616070591/88761228,14797542
1646,1616070592/88761639,14797542
1647,1616070593/88761229,15202993
1648,1616070593/88761229,15202083
1649,1616070593/88761229,15202994
1650,1616070594/88761230,14797542
1651,1616070595/88761231,15166002
1652,1616070595/88761231,15166003
1653,1616070596/88761232,15140961
1654,1616070596/88761232,15182005
1655,1616070597/88761233,14672910
1656,1616070598/88761234,15630990
1657,1616070598/88761234,15630989
1658,1616070599/88761235,15630989
1659,1616070599/88761235,15226030
1660,1616070599/88761235,15487055
1661,1616070599/88761235,15308960
1662,1616070600/88761236,15226030
1663,1616070601/88761237,15226030
1664,1616070602/88761238,15226030
1665,1616070603/88761239,15226030
1666,1616070604,15058062
1667,1616070604,15140234
1668,1616070604,15242278
1669,1616070604,15140961
1670,1616070604,15254978
1671,1616070604,15487025
1672,1616070604,15193972
1673,1616070604,15348977
1674,1616070604,15512018
1675,1616070604,15166003
1676,1616070604,15275026
1677,1616070604,15553979
1678,1616070605,15157064
1679,1616070605,15192100
1680,1616070605,15194056
1681,1616070605,14481833
1682,1616070605,14790551
1683,1616070606,15194056
1684,1616070606,14481833
1685,1616070606,15192100
1686,1616070606,15157064
1687,1616070607,15102173
1688,1616070607,15331043
1689,1616070608,15331043
1690,1616070609/88761240,14925917
1691,1616070609/88761240,15077943
1692,1616070609/88761240,14968998
1693,1616070609/88761240,14982987
1694,1616070609/88761240,15240969
1695,1616070609/88761240,15305978
1696,1616070609/88761240,15015900
1697,1616070609/88761240,15000909
1698,1616070609/88761240,14921903
1699,1616070609/88761240,15151177
1700,1616070609/88761240,15090322
1701,1616070609/88761240,15162957
1702,1616070610/88761241,15629976
1703,1616070611/88761242,15406017
1704,1616070612/88761243,15406016
1705,1616070612/88761243,15597989
1706,1616070612/88761243,15406015
1707,1616070613/88761244,15192099
1708,1616070613/88761244,14310766
1709,1616070613/88761244,15181053
1710,1616070613/88761244,15151088
1711,1616070613/88761244,14972157
1712,1616070613/88761244,15116000
1713,1616070613/88761244,15271976
1714,1616070614/88761245,15064921
1715,1616070614/88761245,15373194
1716,1616070615/88761246,15325005
1717,1616070616/88761247,15083976
1718,1616070616/88761247,15078912
1719,1616070616/88761247,15151088
1720,1616070616/88761247,9325588
1721,1616070616/88761247,15526998
1722,1616070616/88761247,15271976
1723,1616070616/88761247,15242187
1724,1616070616/88761247,15330987
1725,1616070617/88761248,15240983
1726,1616070617/88761248,15046030
1727,1616070617/88761248,15037958
1728,1616070618/88761249,14941041
1729,1616070619/88761250,15046941
1730,1616070620/88761251,15372066
1731,1616070620/88761251,15046030
1732,1616070620/88761251,15192099
1733,1616070620/88761251,14310766
1734,1616070620/88761251,15185963
1735,1616070620/88761251,15182032
1736,1616070620/88761251,15242560
1737,1616070621/88761252,15201035
1738,1616070621/88761252,15455984
1739,1616070622/88761640,14526773
1740,1616070622/88761640,13211594
1741,1616070622/88761640,15046030
1742,1616070622/88761640,15240983
1743,1616070622/88761640,15145331
1744,1616070623/88761253,15581973
1745,1616070623/88761253,15631973
1746,1616070624/88761254,14844938
1747,1616070625/88761255,15581973
1748,1616070625/88761255,15631973
1749,1616070625/88761255,15056894
1750,1616070626/88761256,15631973
1751,1616070627/88761257,14844938
1752,1616070628/88761258,15631973
1753,1616070629/88761259,15078018
1754,1616070629/88761259,15052017
1755,1616070630/88761260,15242560
1756,1616070630/88761260,15078912
1757,1616070631/88761261,15192057
1758,1616070632/88761262-4,14387743
1759,1616070632/88761262-4,15016463
1760,1616070632/88761262-4,15181960
1761,1616070632/88761262-4,14291730
1762,1616070632/88761262-4,15184975
1763,1616070632/88761262-4,15083367
1764,1616070632/88761262-4,15181961
1765,1616070632/88761262-4,15352013
1766,1616070632/88761262-4,15352012
1767,1616070633/88761265,14972011
1768,1616070633/88761265,15242437
1769,1616070634/88761266,14979894
1770,1616070634/88761266,15455981
1771,1616070634/88761266,14786924
1772,1616070634/88761266,15455982
1773,1616070634/88761266,15452141
1774,1616070635/88761267,15046941
1775,1616070636/88761268,15201034
1776,1616070637/88761269,15225018
1777,1616070637/88761269,15225016
1778,1616070638/88761270,15312000
1779,1616070638/88761270,15206971
1780,1616070639/88761271,14310766
1781,1616070639/88761271,15192099
1782,1616070639/88761271,15047904
1783,1616070639/88761271,15185963
1784,1616070639/88761271,15151088
1785,1616070639/88761271,15243031
1786,1616070640/88761272,14816941
1787,1616070640/88761272,15330987
1788,1616070640/88761272,15240983
1789,1616070640/88761272,6642591
1790,1616070640/88761272,13211594
1791,1616070641/88761273,15408974
1792,1616070641/88761273,15362988
1793,1616070641/88761273,15362989
1794,1616070641/88761273,6642591
1795,1616070641/88761273,15393975
1796,1616070641/88761273,15078912
1797,1616070642/88761274,15037958
1798,1616070642/88761274,14197589
1799,1616070642/88761274,15240983
1800,1616070643/88761401,15452141
1801,1616070643/88761401,15201034
1802,1616070644/普00871189,15436253
1803,1616070644/普00871189,15332050
1804,1616070645/普00871189,14819950
1805,1616070646/普00871189,14980182
1806,1616070647/普00871189,15198984
1807,1616070647/普00871189,14790349
1808,1616070648/普00871189,14980184
1809,1616070649/普00871189,14790350
1810,1616070650/普00871189,14819946
1811,1616070651/普00871189,14980184
1812,1616070652/普00871189,14813315
1813,1616070652/普00871189,14803927
1814,1616070652/普00871189,14998948
1815,1616070653/普00871189,14980184
1816,1616070654/普00871189,14803927
1817,1616070655/普00871189,14980184
1818,1616070656/普00871189,14980184
1819,1616070657/普00871189,14980182
1820,1616070658/普00871189,15005995
1821,1616070659/普00871189,14980184
1822,1616070660/普00871189,14980182
1823,1616070661/普00871189,14819946
1824,1616070662/普00871189,14980184
1825,1616070663/普00871189,14980184
1826,1616070664/普00871189,14787606
1827,1616070665/普00871189,14934934
1828,1616070666/普00871189,14980181
1829,1616070667/普00871189,14980184
1830,1616070668/普00871189,14790349
1831,1616070669/普00871189,14819946
1832,1616070670/普00871189,14819946
1833,1616070671/普00871189,14819946
1834,1616070672/普00871189,14819946
1835,1616070673/普00871189,14819959
1836,1616070674/普00871189,14980184
1837,1616070675/普00871189,14819946
1838,1616070676/普00871189,14819946
1839,1616070677/普00871189,14819946
1840,1616070678/普00871189,14819946
1841,1616070679/普00871189,14819946
1842,1616070680/普00871189,14819946
1843,1616070681/普00871189,14819946
1844,1616070682/普00871189,15228081
1845,1616070683/普00871187,14790349
1846,1616070684/普00871189,14819946
1847,1616070685/普00871189,14819946
1848,1616070686/普00871189,15116998
1849,1616070687/普00871189,14819951
1850,1616070688/普00871189,14790349
1851,1616070689/普00871189,14790349
1852,1616070690/普00871189,14819946
1853,1616070691/普00871190,14790349
1854,1616070692/普00871190,14819946
1855,1616070693/普00871190,14819946
1856,1616070694/普00871190,14819946
1857,1616070695/普00871190,14790349
1858,1616070696/普00871190,14819946
1859,1616070697/普00871190,15116995
1860,1616070698/普00871190,15228081
1861,1616070699/普00871190,14819946
1862,1616070700/普00871190,14819946
1863,1616070701/普00871190,14819946
1864,1616070702/普00871190,14819950
1865,1616070703/普00871190,14790349
1866,1616070704/普00871190,14790349
1867,1616070705/普00871190,14819946
1868,1616070706/普00871190,14819946
1869,1616070707/普00871190,14819946
1870,1616070708/普00871190,14819946
1871,1616070709/普00871190,14790349
1872,1616070710/普00871190,14819946
1873,1616070711/普00871190,14819950
1874,1616070712/普00871190,14819946
1875,1616070713/普00871190,14819946
1876,1616070714/普00871190,15116998
1877,1616070715/普00871190,14790349
1878,1616070716/普00871191,14790349
1879,1616070717/普00871191,14790349
1880,1616070718/普00871191,14790349
1881,1616070719/普00871191,14819950
1882,1616070720/普00871191,14819946
1883,1616070720/普00871191,14819950
1884,1616070721/普00871191,14819946
1885,1616070722/普00871191,14819950
1886,1616070723/普00871191,14819946
1887,1616070724/普00871191,14790349
1888,1616070725/普00871191,14819946
1889,1616070726/普00871188,14819946
1890,1616070727/普00871191,14819946
1891,1616070728/普00871191,14803931
1892,1616070728/普00871191,14981860
1893,1616070728/普00871191,15046861
1894,1616070728/普00871191,15247091
1895,1616070728/普00871191,15103999
1896,1616070728/普00871191,15030867
1897,1616070728/普00871191,15133984
1898,1616070728/普00871191,15192082
1899,1616070729/普00871191,14790349
1900,1616070730/普00871191,14819946
1901,1616070731/普00871191,14790349
1902,1616070732/普00871191,14790349
1903,1616070733/普00871191,14790349
1904,1616070734/普00871191,14819946
1905,1616070735/普00871191,14819943
1906,1616070736/普00871191,14790349
1907,1616070737/普00871191,14819946
1908,1616070738/普00871191,14977861
1909,1616070739/普00871191,14819946
1910,1616070740/普00871191,14819946
1911,1616070741/普00871191,14819946
1912,1616070742/普00871191,14980184
1913,1616070743/普00871191,14819950
1914,1616070744/普00871191,14819946
1915,1616070745/普00871191,15228081
1916,1616070746/普00871191,15116999
1917,1616070747/普00871191,14819946
1918,1616070748/普00871191,15116995
1919,1616070749/普00871191,14819946
1920,1616070750/普00871191,14819946
1921,1616070751/普00871191,15228082
1922,1616070752/普00871191,15228081
1923,1616070753/普00871191,14819946
1924,1616070754/普00871191,14819946
1925,1616070755/普00871191,14790349
1926,1616070756/普00871191,14819946
1927,1616070757/普00871191,14819946
1928,1616070758/普00871191,14819946
1929,1616070759/普00871191,14790349
1930,1616070760/普00871191,14819946
1931,1616070761/普00871192,14819946
1932,1616070762/普00871192,14790349
1933,1616070763/普00871192,14819951
1934,1616070764/普00871192,14790349
1935,1616070765/普00871192,14790349
1936,1616070766/普00871192,14819946
1937,1616070767/普00871192,14790349
1938,1616070768/普00871192,14819946
1939,1616070769/普00871192,14819952
1940,1616070770/普00871192,14830136
1941,1616070771/普00871192,14790349
1942,1616070772/普00871192,14819946
1943,1616070773/普00871192,14819946
1944,1616070774/普00871192,14819946
1945,1616070775/普00871192,14819946
1946,1616070776/普00871192,14819951
1947,1616070777/普00871192,14819946
1948,1616070778/普00871192,14819946
1949,1616070779/普00871192,14819946
1950,1616070780/普00871192,15228081
1951,1616070781/普00871193,14835889
1952,1616070782/普00871193,14819946
1953,1616070783/普00871193,14819946
1954,1616070784/普00871193,14819946
1955,1616070785/普00871193,14819946
1956,1616070786/普00871193,14819950
1957,1616070787/普00871193,14819946
1958,1616070788/普00871193,14819946
1959,1616070789/普00871193,14790349
1960,1616070790/普00871193,14819946
1961,1616070791/普00871193,15228081
1962,1616070792/普00871193,15228084
1963,1616070793/普00871193,14819959
1964,1616070794/普00871193,14830136
1965,1616070795/普00871193,14819946
1966,1616070796/普00871193,14819946
1967,1616070797/普00871193,14977861
1968,1616070798/普00871193,14819946
1969,1616070799/普00871193,14790349
1970,1616070800/普00871193,14819946
1971,1616070801/普00871194,14790349
1972,1616070802/普00871194,15228082
1973,1616070803/普00871194,14819946
1974,1616070804/普00871194,14819950
1975,1616070805/普00871194,14830136
1976,1616070806/普00871194,14830136
1977,1616070807/普00871194,14819946
1978,1616070808/普00871194,15228081
1979,1616070809/普00871194,14790349
1980,1616070810/普00871194,14819946
1981,1616070811/普00871194,14819946
1982,1616070812/普00871194,14790349
1983,1616070813/普00871194,14819946
1984,1616070814/普00871194,14819946
1985,1616070815/普00871194,14819946
1986,1616070816/普00871194,14819946
1987,1616070817/普00871194,14790349
1988,1616070818/普00871194,14819946
1989,1616070819/普00871195,15228082
1990,1616070820/普00871195,14819943
1991,1616070821/普00871195,14819946
1992,1616070822/普00871195,14977861
1993,1616070823/普00871195,15116998
1994,1616070824/普00871195,14790349
1995,1616070825/普00871195,14790349
1996,1616070826/普00871195,14819946
1997,1616070827/普00871195,14819946
1998,1616070828/普00871195,14819946
1999,1616070829/普00871195,15228082
2000,1616070830/普00871195,14819946
2001,1616070831/普00871195,14819943
2002,1616070832/普00871195,14819946
2003,1616070833/普00871195,15228082
2004,1616070834/普00871195,14977861
2005,1616070835/普00871195,14819946
2006,1616070836/普00871195,14819946
2007,1616070837/普00871195,15228081
2008,1616070838/普00871195,14790349
2009,1616070839/普00871195,14819946
2010,1616070840/普00871195,14790349
2011,1616070841/普00871195,15116998
2012,1616070842/普00871195,14819946
2013,1616070843/普00871195,14819946
2014,1616070844/普00871195,14790349
2015,1616070845/普00871195,14819946
2016,1616070846/普00871195,14819946
2017,1616070847/普00871195,14819946
2018,1616070848/普00871195,14980184
2019,1616070849/普00871195,14790349
2020,1616070849/普00871195,15133984
2021,1616070849/普00871195,15203964
2022,1616070849/普00871195,15103999
2023,1616070849/普00871195,14980181
2024,1616070849/普00871195,14803927
2025,1616070849/普00871195,14797043
2026,1616070849/普00871195,15133982
2027,1616070849/普00871195,14797088
2028,1616070850/88761402,14935881
2029,1616070851/88761403,14935881
2030,1616070852/88761404,14980872
2031,1616070853,6517622
2032,1616070854/88761405,15064921
2033,1616070854/88761405,15364983
2034,1616070854/88761405,15145171
2035,1616070855/88761406,14617741
2036,1616070856,15166111
2037,1616070856,15242496
2038,1616070856,15363007
2039,1616070856,15242560
2040,1616070857/88761407,15532001
2041,1616070857/88761407,15073880
2042,1616070857/88761407,15246081
2043,1616070858,15471066
2044,1616070858,15436257
2045,1616070858,15471067
2046,1616070859,15471068
2047,1616070860/88761408,15037958
2048,1616070860/88761408,15242560
2049,1616070861/88761409,15037958
2050,1616070861/88761409,9325588
2051,1616070861/88761409,15185961
2052,1616070861/88761409,15185962
2053,1616070861/88761409,15181053
2054,1616070861/88761409,15542007
2055,1616070862/88761641,14526773
2056,1616070862/88761641,15240983
2057,1616070862/88761641,15242187
2058,1616070862/88761641,15526998
2059,1616070862/88761641,14988989
2060,1616070862/88761641,15192099
2061,1616070862/88761641,14972157
2062,1616070862/88761641,15247104
2063,1616070862/88761641,15181053
2064,1616070862/88761641,15225017
2065,1616070863/88761410,15569991
2066,1616070864/88761411,15276185
2067,1616070865/88761412,15389959
2068,1616070865/88761412,14844938
2069,1616070865/88761412,14804168
2070,1616070865/88761412,14871895
2071,1616070865/88761412,15553981
2072,1616070866/88761413,15631973
2073,1616070867/88761414,14804260
2074,1616070867/88761414,14844938
2075,1616070868/88761415,14871895
2076,1616070868/88761415,14804260
2077,1616070868/88761415,14844938
2078,1616070868/88761415,15631973
2079,1616070869/88761416,15553981
2080,1616070870/88761417,14816110
2081,1616070871/88761418,15104957
2082,1616070871/88761418,9325588
2083,1616070871/88761418,14310766
2084,1616070871/88761418,15363007
2085,1616070871/88761418,15242187
2086,1616070871/88761418,15151088
2087,1616070872/88761419,15116000
2088,1616070872/88761419,15204961
2089,1616070872/88761419,14806983
2090,1616070872/88761419,15073880
2091,1616070872/88761419,15246081
2092,1616070872/88761419,15263962
2093,1616070872/88761419,15151088
2094,1616070873/88761420,14310766
2095,1616070873/88761420,15185960
2096,1616070873/88761420,15037958
2097,1616070873/88761420,15182032
2098,1616070873/88761420,15151088
2099,1616070873/88761420,15334066
2100,1616070873/88761420,15151346
2101,1616070873/88761420,15242560
2102,1616070873/88761420,15181053
2103,1616070873/88761420,15372066
2104,1616070874/88761546,14968998
2105,1616070874/88761546,14994904
2106,1616070874/88761546,15078922
2107,1616070874/88761546,14952234
2108,1616070874/88761546,15011906
2109,1616070874/88761546,14925917
2110,1616070874/88761546,15015900
2111,1616070874/88761546,15501959
2112,1616070874/88761546,14971927
2113,1616070874/88761546,15140228
2114,1616070874/88761546,15371962
2115,1616070875/88761421,14957868
2116,1616070875/88761421,15052017
2117,1616070876/88761422,15201033
2118,1616070877/88761423,14921003
2119,1616070877/88761423,15352015
2120,1616070878/88761424,15352015
2121,1616070878/88761424,15455984
2122,1616070879/88761425,15455982
2123,1616070880/88761426,15455982
2124,1616070880/88761426,14921003
2125,1616070880/88761426,15452140
2126,1616070880/88761426,15201033
2127,1616070880/88761426,14921004
2128,1616070881,15539983
2129,1616070882,15539983
2130,1616070883/88761427,15452141
2131,1616070883/88761427,15312982
2132,1616070883/88761427,14921003
2133,1616070883/88761427,15035996
2134,1616070883/88761427,14921004
2135,1616070883/88761427,15352015
2136,1616070883/88761427,15201033
2137,1616070883/88761427,15455981
2138,1616070883/88761427,15455982
2139,1616070884/88761428,15035996
2140,1616070885/88761429,15037958
2141,1616070885/88761429,15242560
2142,1616070885/88761429,15240983
2143,1616070885/88761429,13211594
2144,1616070885/88761429,15522976
2145,1616070885/88761429,15104957
2146,1616070886/88761430,14310766
2147,1616070886/88761430,15540004
2148,1616070886/88761430,14526773
2149,1616070886/88761430,15526998
2150,1616070886/88761430,15047904
2151,1616070886/88761430,14988989
2152,1616070886/88761430,15206971
2153,1616070887/88761431,15078912
2154,1616070887/88761431,15240983
2155,1616070887/88761431,15372066
2156,1616070888,15336249
2157,1616070889,15157064
2158,1616070889,14654729
2159,1616070889,14675955
2160,1616070889,15192101
2161,1616070889,14671860
2162,1616070889,14790551
2163,1616070889,15192100
2164,1616070889,15194056
2165,1616070890,15331041
2166,1616070890,15336249
2167,1616070891,14481833
2168,1616070891,15157064
2169,1616070891,14671860
2170,1616070891,15194056
2171,1616070891,14654729
2172,1616070891,15192100
2173,1616070892,15336249
2174,1616070893,14654729
2175,1616070893,15194056
2176,1616070893,15192100
2177,1616070893,15157064
2178,1616070893,14671860
2179,1616070894,14790551
2180,1616070894,15192100
2181,1616070894,8768587
2182,1616070894,14675955
2183,1616070894,14654729
2184,1616070895,15194058
2185,1616070895,14654729
2186,1616070895,14481833
2187,1616070895,14675955
2188,1616070895,14790551
2189,1616070895,15192100
2190,1616070896/88761437,14534724
2191,1616070897/88761438,15011907
2192,1616070897/88761438,15035991
2193,1616070897/88761438,14982988
2194,1616070897/88761438,14925917
2195,1616070897/88761438,15361983
2196,1616070897/88761438,15011882
2197,1616070897/88761438,15242090
2198,1616070897/88761438,15049889
2199,1616070897/88761438,15489018
2200,1616070897/88761438,15335985
2201,1616070898,15102173
2202,1616070898,15331043
2203,1616070899,15102173
2204,1616070900/88761439,15276101
2205,1616070900/88761439,15276102
2206,1616070901/88761440,15523968
2207,1616070901/88761440,15292994
2208,1616070901/88761440,15242653
2209,1616070901/88761440,15523975
2210,1616070901/88761440,15523977
2211,1616070902/88761441,15523968
2212,1616070903/88761442,14846195
2213,1616070903/88761442,14797542
2214,1616070904/88761443,14921004
2215,1616070904/88761443,15455982
2216,1616070904/88761443,15452141
2217,1616070905/88761444,14921003
2218,1616070905/88761444,14921004
2219,1616070906/88761445,15589020
2220,1616070906/88761445,15410962
2221,1616070906/88761445,15410959
2222,1616070906/88761445,15166167
2223,1616070906/88761445,15323081
2224,1616070907/88761446,15351065
2225,1616070908/88761447,15015899
2226,1616070909/88761448,14935885
2227,1616070910/88761449,14935885
2228,1616070910/88761449,15240969
2229,1616070910/88761449,15313288
2230,1616070910/88761449,15077943
2231,1616070911/88761450,14992876
2232,1616070911/88761450,15552970
2233,1616070911/88761450,15589174
2234,1616070912/88761451,15078922
2235,1616070912/88761451,15570108
2236,1616070912/88761451,15335985
2237,1616070912/88761451,15151177
2238,1616070912/88761451,15489018
2239,1616070913/88761452,15455982
2240,1616070914/88761453,14925997
2241,1616070915/88761454,15382986
2242,1616070915/88761454,15382987
2243,1616070915/88761454,15299965
2244,1616070915/88761454,15137299
2245,1616070915/88761454,15166106
2246,1616070916/88761455,15455982
2247,1616070917/88761456,14925997
2248,1616070917/88761456,15201035
2249,1616070917/88761456,15312982
2250,1616070918/500016773,15193972
2251,1616070919/88761458,15598972
2252,1616070919/88761458,15331058
2253,1616070919/88761458,15631973
2254,1616070920/88761459,15242494
2255,1616070920/88761459,15631973
2256,1616070920/88761459,15331058
2257,1616070920/88761459,15198958
2258,1616070920/88761459,15117960
2259,1616070920/88761459,14871895
2260,1616070921/88761460,15182028
2261,1616070921/88761460,15581973
2262,1616070921/88761460,15598972
2263,1616070921/88761460,15630006
2264,1616070922/88761461,14804260
2265,1616070923/88761462,14804253
2266,1616070924/88761463,15631973
2267,1616070925/88761464,15046941
2268,1616070925/88761464,14921003
2269,1616070925/88761464,15352015
2270,1616070925/88761464,15452141
2271,1616070926/88761465,15151088
2272,1616070926/88761465,15078912
2273,1616070926/88761465,6642591
2274,1616070927/88761466,15487055
2275,1616070928/88761467,15308958
2276,1616070928/88761467,15487055
2277,1616070929/88761468,15352015
2278,1616070929/88761468,15201033
2279,1616070930/88761469,15455982
2280,1616070930/88761469,15201033
2281,1616070930/88761469,15352015
2282,1616070930/88761469,15452140
2283,1616070931/88761470,14993040
2284,1616070932/88761471,14995881
2285,1616070932/88761471,14526773
2286,1616070932/88761471,15242560
2287,1616070932/88761471,15185960
2288,1616070932/88761471,15047904
2289,1616070932/88761471,15145331
2290,1616070932/88761471,15240983
2291,1616070933/88761472,15464070
2292,1616070934/88761473,15071960
2293,1616070934/88761473,15047904
2294,1616070934/88761473,15192099
2295,1616070934/88761473,15240983
2296,1616070934/88761473,15540004
2297,1616070934/88761473,15185960
2298,1616070934/88761473,15242560
2299,1616070934/88761473,15046030
2300,1616070934/88761473,15312000
2301,1616070934/88761473,15086044
2302,1616070935/88761474,15540004
2303,1616070936/88761475,14972157
2304,1616070937/88761476,13211594
2305,1616070937/88761476,15037958
2306,1616070937/88761476,14310766
2307,1616070938/88761477,15404030
2308,1616070938/88761477,15325005
2309,1616070938/88761477,15464963
2310,1616070939/88761478,14921004
2311,1616070939/88761478,15201033
2312,1616070939/88761478,15455982
2313,1616070939/88761478,15352015
2314,1616070939/88761478,15452141
2315,1616070939/88761478,15455981
2316,1616070940/88761479,15185962
2317,1616070940/88761479,15151088
2318,1616070940/88761479,15182032
2319,1616070940/88761479,15181053
2320,1616070941/88761480,15078912
2321,1616070941/88761480,15089999
2322,1616070941/88761480,15181053
2323,1616070941/88761480,14526773
2324,1616070941/88761480,15185962
2325,1616070942/88761481,15078912
2326,1616070942/88761481,15240983
2327,1616070942/88761481,6642591
2328,1616070942/88761481,15037958
2329,1616070943/88761482,15104957
2330,1616070943/88761482,15073879
2331,1616070943/88761482,6642591
2332,1616070944,15471068
2333,1616070945,15471068
2334,1616070946,15554042
2335,1616070947,15471068
2336,1616070947,15570048
2337,1616070947,15547003
2338,1616070948,15570048
2339,1616070949,15471068
2340,1616070949,15570048
2341,1616070949,15436258
2342,1616070950,15471068
2343,1616070951,15471068
2344,1616070952,15547003
2345,1616070952,15245997
2346,1616070952,15471068
2347,1616070953,15471068
2348,1616070954,15570048
2349,1616070955,15570048
2350,1616070955,15471068
2351,1616070956,15471068
2352,1616070956,15570048
2353,1616070957,15471068
2354,1616070957,15570048
2355,1616070958,15570048
2356,1616070959,15471069
2357,1616070959,15405031
2358,1616070960,15471068
2359,1616070960,15570048
2360,1616070960,15245997
2361,1616070961/88761483,15389959
2362,1616070961/88761483,14871895
2363,1616070962/88761484,15185962
2364,1616070962/88761484,15185963
2365,1616070962/88761484,15372066
2366,1616070962/88761484,15104957
2367,1616070962/88761484,15151088
2368,1616070962/88761484,15192099
2369,1616070962/88761484,15181053
2370,1616070963/88761485,15372066
2371,1616070964/88761486,15037958
2372,1616070964/88761486,15185960
2373,1616070964/88761486,14988989
2374,1616070964/88761486,15078912
2375,1616070964/88761486,15185961
2376,1616070964/88761486,14310766
2377,1616070964/88761486,15181053
2378,1616070964/88761486,15046030
2379,1616070964/88761486,15540004
2380,1616070964/88761486,15185962
2381,1616070964/88761486,15192099
2382,1616070964/88761486,15242560
2383,1616070965/88761487,15526998
2384,1616070965/88761487,15078912
2385,1616070965/88761487,6642591
2386,1616070966,15336249
2387,1616070967,15336249
2388,1616070968,15331043
2389,1616070969,15331043
2390,1616070970,14481833
2391,1616070970,14790551
2392,1616070970,14675955
2393,1616070970,15192100
2394,1616070970,15157064
2395,1616070971,14671860
2396,1616070971,14481833
2397,1616070971,15157064
2398,1616070972,8768587
2399,1616070972,14481833
2400,1616070972,14671860
2401,1616070972,14790551
2402,1616070972,15157064
2403,1616070973,14481833
2404,1616070973,15157064
2405,1616070973,14671860
2406,1616070973,15192100
2407,1616070974,8768587
2408,1616070974,14481833
2409,1616070974,14671860
2410,1616070974,15192100
2411,1616070974,14654729
2412,1616070975,15157064
2413,1616070975,14481833
2414,1616070976,15157064
2415,1616070976,14481833
2416,1616070976,14671860
2417,1616070977/88761488,14804253
2418,1616070978,15102173
2419,1616070979,15102173
2420,1616070980,15102173
2421,1616070981,15102173
2422,1616070982,15539985
2423,1616070982,15539984
2424,1616070982,15539983
2425,1616070983/88761750,14921004
2426,1616070984/88761490,15201033
2427,1616070985/88761491,15405075
2428,1616070985/88761491,15145171
2429,1616070986,15539983
2430,1616070987,15539983
2431,1616070988,15539983
2432,1616070989,15539983
2433,1616070990,15539983
2434,1616070990,15539984
2435,1616070991,15539983
2436,1616070991,15539984
2437,1616070992/88761492,15192099
2438,1616070992/88761492,15151088
2439,1616070992/88761492,15185963
2440,1616070992/88761492,14197589
2441,1616070992/88761492,15526998
2442,1616070992/88761492,6642591
2443,1616070992/88761492,15334065
2444,1616070993,15570048
2445,1616070994,15570048
2446,1616070994,15436258
2447,1616070994,15570050
2448,1616070994,15471068
2449,1616070995,15570048
2450,1616070995,15471068
2451,1616070996/88761493,15640966
2452,1616070997/88761494,15640966
2453,1616070998/88761495,15078922
2454,1616070998/88761495,15242090
2455,1616070998/88761495,15090390
2456,1616070998/88761495,14968998
2457,1616070999,15471069
2458,1616071000,15471069
2459,1616071001,15348971
2460,1616071001,15471069
2461,1616071002,15471069
2462,1616071003,15554043
2463,1616071004,15471069
2464,1616071004,15348971
2465,1616071005,15471069
2466,1616071005,15245997
2467,1616071006,15436255
2468,1616071006,15570048
2469,1616071007,15570048
2470,1616071007,15471068
2471,1616071007,15547003
2472,1616071008,15570048
2473,1616071009,15570048
2474,1616071010,15436270
2475,1616071010,15245997
2476,1616071010,15570048
2477,1616071011/88761547,15623037
2478,1616071011/88761547,15640965
2479,1616071011/88761547,15000909
2480,1616071011/88761547,15163960
2481,1616071011/88761547,15640964
2482,1616071012/88761548,15351120
2483,1616071012/88761548,15351121
2484,1616071013/88761496,15078923
2485,1616071014/88761497,14935881
2486,1616071014/88761497,14982988
2487,1616071014/88761497,15162957
2488,1616071015/88761498,15051865
2489,1616071015/88761498,15151177
2490,1616071015/88761498,15313288
2491,1616071015/88761498,15011907
2492,1616071015/88761498,15049889
2493,1616071016/88761499,15452141
2494,1616071016/88761499,15455981
2495,1616071017/88761500,14786924
2496,1616071018/88761501,14846195
2497,1616071019/88761502,15455982
2498,1616071019/88761502,15201033
2499,1616071020/88761503,14846195
2500,1616071021/88761504,15542965
2501,1616071021/88761504,14846195
2502,1616071021/88761504,14993040
2503,1616071022/88761505,14846195
2504,1616071023/88761506,15254978
2505,1616071024/88761507,15452140
2506,1616071025/88761508,14804253
2507,1616071026/88761509,14804260
2508,1616071026/88761509,15052017
2509,1616071026/88761509,15078018
2510,1616071027/88761510,14804260
2511,1616071028/88761511,15415026
2512,1616071028/88761511,15598972
2513,1616071028/88761511,15052017
2514,1616071028/88761511,14804238
2515,1616071028/88761511,14804260
2516,1616071028/88761511,15056894
2517,1616071029/88761512,14871895
2518,1616071030/88761513,15151285
2519,1616071031/88761514,15151285
2520,1616071031/88761514,15064921
2521,1616071031/88761514,15141113
2522,1616071032/88761515,15141113
2523,1616071032/88761515,15064921
2524,1616071033/88761516,15037958
2525,1616071034/88761517,15145331
2526,1616071034/88761517,15242560
2527,1616071034/88761517,15037958
2528,1616071035/88761518,15046030
2529,1616071035/88761518,15037958
2530,1616071035/88761518,15242560
2531,1616071036/88761519,15047904
2532,1616071036/88761519,9325588
2533,1616071036/88761519,13869592
2534,1616071036/88761519,15151088
2535,1616071036/88761519,14526773
2536,1616071037/88761520,15240983
2537,1616071037/88761520,14197589
2538,1616071037/88761520,15037958
2539,1616071038/88761521,15240983
2540,1616071038/88761521,15037958
2541,1616071038/88761521,15047904
2542,1616071038/88761521,15334065
2543,1616071038/88761521,13211594
2544,1616071038/88761521,15330987
2545,1616071038/88761521,15242560
2546,1616071038/88761521,15182032
2547,1616071038/88761521,15181053
2548,1616071039/88761522,15185963
2549,1616071039/88761522,6642591
2550,1616071039/88761522,14310766
2551,1616071039/88761522,15330987
2552,1616071039/88761522,15078912
2553,1616071039/88761522,14270748
2554,1616071040/88761523,14921004
2555,1616071040/88761523,14921003
2556,1616071041/88761524,15452141
2557,1616071042/88761525,14921004
2558,1616071043/88761526,14921004
2559,1616071044/88761527,15455981
2560,1616071045/88761528,15274998
2561,1616071046/88761529,14921004
2562,1616071047/88761530,6642591
2563,1616071047/88761530,15151346
2564,1616071047/88761530,15372066
2565,1616071047/88761530,15129037
2566,1616071047/88761530,15046030
2567,1616071047/88761530,15083976
2568,1616071047/88761530,14988989
2569,1616071047/88761530,15242560
2570,1616071047/88761530,15312000
2571,1616071047/88761530,15246081
2572,1616071047/88761530,15182032
2573,1616071047/88761530,15073880
2574,1616071048/88761531,15242560
2575,1616071048/88761531,15078912
2576,1616071049/88761532,15201035
2577,1616071049/88761532,15452140
2578,1616071049/88761532,15201034
2579,1616071049/88761532,15352015
2580,1616071049/88761532,15312982
2581,1616071049/88761532,15455984
2582,1616071050/88761533,15206971
2583,1616071051/88761534,6642591
2584,1616071051/88761534,15037958
2585,1616071051/88761534,15240983
2586,1616071051/88761534,13211594
2587,1616071051/88761534,15145331
2588,1616071051/88761534,15151088
2589,1616071051/88761534,13869592
2590,1616071051/88761534,14310766
2591,1616071051/88761534,15185963
2592,1616071051/88761534,15242187
2593,1616071051/88761534,15242496
2594,1616071051/88761534,15206971
2595,1616071051/88761534,15540004
2596,1616071052/88761535,15455982
2597,1616071053/88761536,15242187
2598,1616071053/88761536,3397439
2599,1616071053/88761536,14526773
2600,1616071053/88761536,15104957
2601,1616071054/88761537,15052017
2602,1616071054/88761537,15078018
2603,1616071055,14790551
2604,1616071055,14731963
2605,1616071055,15192100
2606,1616071056/88764166,15452141
2607,1616071057/88761539,15182028
2608,1616071057/88761539,14871895
2609,1616071057/88761539,15640038
2610,1616071058,15436270
2611,1616071059,15242274
2612,1616071059,15166002
2613,1616071059,15140961
2614,1616071059,15631971
2615,1616071059,15315988
2616,1616071059,15140234
2617,1616071059,15512018
2618,1616071059,15193972
2619,1616071060/88761540,15331110
2620,1616071061/普00871198,15155026
2621,1616071061/普00871198,15203964
2622,1616071061/普00871198,15133982
2623,1616071061/普00871198,14790349
2624,1616071061/普00871198,15051992
2625,1616071061/普00871198,14803931
2626,1616071061/普00871198,15133984
2627,1616071061/普00871198,15247091
2628,1616071062/普00871198,14803931
2629,1616071062/普00871198,15203964
2630,1616071062/普00871198,15051992
2631,1616071062/普00871198,15103999
2632,1616071062/普00871198,15155026
2633,1616071062/普00871198,15247091
2634,1616071062/普00871198,15133982
2635,1616071062/普00871198,15133984
2636,1616071063/普00871198,14998948
2637,1616071063/普00871198,15103999
2638,1616071063/普00871198,15141056
2639,1616071063/普00871198,14980184
2640,1616071063/普00871198,15203964
2641,1616071063/普00871198,14887862
2642,1616071063/普00871198,14803931
2643,1616071063/普00871198,14967373
2644,1616071063/普00871198,15306976
2645,1616071063/普00871198,15247091
2646,1616071064/普00871198,14803931
2647,1616071064/普00871198,15155026
2648,1616071064/普00871198,15051992
2649,1616071064/普00871198,15103999
2650,1616071064/普00871198,15133982
2651,1616071064/普00871198,15198984
2652,1616071064/普00871198,15133984
2653,1616071064/普00871198,15203964
2654,1616071065/普00871198,14980184
2655,1616071066/普00871198,15103999
2656,1616071066/普00871198,14803931
2657,1616071066/普00871198,14887862
2658,1616071066/普00871198,14998948
2659,1616071066/普00871198,15141056
2660,1616071066/普00871198,14967373
2661,1616071066/普00871198,15203964
2662,1616071066/普00871198,15247091
2663,1616071067/普00871198,14887862
2664,1616071067/普00871198,15141056
2665,1616071067/普00871198,14967373
2666,1616071067/普00871198,14790350
2667,1616071067/普00871198,14998948
2668,1616071067/普00871198,14803931
2669,1616071067/普00871198,15247091
2670,1616071068/普00871198,15203964
2671,1616071068/普00871198,14803931
2672,1616071068/普00871198,15051992
2673,1616071068/普00871198,15133982
2674,1616071068/普00871198,15133984
2675,1616071068/普00871198,15247091
2676,1616071068/普00871198,15155026
2677,1616071068/普00871198,14790349
2678,1616071068/普00871198,15227053
2679,1616071069/普00871198,15142070
2680,1616071069/普00871198,15187131
2681,1616071069/普00871198,15103999
2682,1616071069/普00871198,15332050
2683,1616071069/普00871198,15456053
2684,1616071069/普00871198,15247091
2685,1616071069/普00871198,15192060
2686,1616071069/普00871198,15203964
2687,1616071069/普00871198,15461966
2688,1616071070/普00871198,14790349
2689,1616071070/普00871198,14887862
2690,1616071070/普00871198,14998948
2691,1616071070/普00871198,15247091
2692,1616071070/普00871198,14803927
2693,1616071071/普00871198,14803931
2694,1616071071/普00871198,15155026
2695,1616071071/普00871198,15051992
2696,1616071071/普00871198,15133984
2697,1616071071/普00871198,15103999
2698,1616071071/普00871198,15203964
2699,1616071071/普00871198,15133982
2700,1616071071/普00871198,15247091
2701,1616071072/普00871198,15203964
2702,1616071072/普00871198,15247091
2703,1616071072/普00871198,15103999
2704,1616071072/普00871198,14803931
2705,1616071072/普00871198,14967373
2706,1616071072/普00871198,14998948
2707,1616071072/普00871198,14887862
2708,1616071072/普00871198,15141056
2709,1616071073/普00871196,14819946
2710,1616071074/普00871197,14819946
2711,1616071075/88761541,15037958
2712,1616071075/88761541,13211594
2713,1616071075/88761541,14526773
2714,1616071076/88761542,15104957
2715,1616071076/88761542,15071315
2716,1616071077/88761543,13211594
2717,1616071077/88761543,14806983
2718,1616071077/88761543,14813741
2719,1616071077/88761543,15272968
2720,1616071077/88761543,14310766
2721,1616071077/88761543,15037958
2722,1616071077/88761543,15243031
2723,1616071077/88761543,15104957
2724,1616071078/普00871198,15227053
2725,1616071078/普00871198,15155026
2726,1616071078/普00871198,14999127
2727,1616071078/普00871198,14790349
2728,1616071078/普00871198,15192060
2729,1616071078/普00871198,15051992
2730,1616071078/普00871198,14803927
2731,1616071078/普00871198,15247091
2732,1616071078/普00871198,15203964
2733,1616071079/普00871198,14887862
2734,1616071079/普00871198,14790350
2735,1616071079/普00871198,14998948
2736,1616071079/普00871198,15203964
2737,1616071079/普00871198,14803931
2738,1616071079/普00871198,15247091
2739,1616071079/普00871198,15141056
2740,1616071079/普00871198,14967373
2741,1616071080/普00871198,15203964
2742,1616071080/普00871198,15247091
2743,1616071080/普00871198,14790350
2744,1616071080/普00871198,14998948
2745,1616071080/普00871198,14887862
2746,1616071080/普00871198,14803931
2747,1616071080/普00871198,15141056
2748,1616071080/普00871198,14967373
2749,1616071081/普00871198,14803931
2750,1616071081/普00871198,14790349
2751,1616071081/普00871198,14887862
2752,1616071081/普00871198,14998948
2753,1616071081/普00871198,14967373
2754,1616071081/普00871198,15203964
2755,1616071081/普00871198,15247091
2756,1616071081/普00871198,15133984
2757,1616071082/普00871202,15141056
2758,1616071082/普00871202,14790350
2759,1616071082/普00871202,15247091
2760,1616071082/普00871202,14803931
2761,1616071082/普00871202,14887862
2762,1616071082/普00871202,14998948
2763,1616071082/普00871202,14967373
2764,1616071082/普00871202,15203964
2765,1616071083/普00871202,15227053
2766,1616071083/普00871202,14797994
2767,1616071083/普00871202,14980181
2768,1616071083/普00871202,15247091
2769,1616071084/普00871202,14887862
2770,1616071084/普00871202,15141056
2771,1616071084/普00871202,14967373
2772,1616071084/普00871202,15247091
2773,1616071084/普00871202,14998948
2774,1616071084/普00871202,14790350
2775,1616071084/普00871202,15203964
2776,1616071084/普00871202,14803931
2777,1616071085/普00871202,14998948
2778,1616071085/普00871202,14803931
2779,1616071085/普00871202,14887862
2780,1616071085/普00871202,15247091
2781,1616071085/普00871202,15141056
2782,1616071085/普00871202,14967373
2783,1616071085/普00871202,14790350
2784,1616071085/普00871202,15203964
2785,1616071086/普00871203,14797043
2786,1616071086/普00871203,14803927
2787,1616071086/普00871203,15436268
2788,1616071087/普00871203,14980181
2789,1616071088/普00871203,15155026
2790,1616071088/普00871203,14787606
2791,1616071088/普00871203,14803927
2792,1616071088/普00871203,15133984
2793,1616071088/普00871203,14785887
2794,1616071088/普00871203,15133982
2795,1616071088/普00871203,15203964
2796,1616071089/普00871203,14980184
2797,1616071090/普00871203,15226089
2798,1616071090/普00871203,15228082
2799,1616071090/普00871203,14818252
2800,1616071090/普00871203,14790350
2801,1616071091/普00871203,14803929
2802,1616071091/普00871203,14967373
2803,1616071091/普00871203,14790350
2804,1616071091/普00871203,15141056
2805,1616071091/普00871203,14887862
2806,1616071091/普00871203,15203964
2807,1616071091/普00871203,14998948
2808,1616071091/普00871203,15247091
2809,1616071092/普00871203,15155026
2810,1616071092/普00871203,15133984
2811,1616071092/普00871203,15247091
2812,1616071092/普00871203,15133982
2813,1616071092/普00871203,15203964
2814,1616071092/普00871203,14803931
2815,1616071092/普00871203,15051992
2816,1616071092/普00871203,15103999
2817,1616071093/普00871203,15005995
2818,1616071094/普00871203,14818252
2819,1616071095/普00871203,14818252
2820,1616071096/普00871203,14797088
2821,1616071096/普00871203,14803927
2822,1616071096/普00871203,15237976
2823,1616071096/普00871203,15187131
2824,1616071096/普00871203,15030868
2825,1616071096/普00871203,15103999
2826,1616071096/普00871203,15192060
2827,1616071096/普00871203,15247091
2828,1616071097/普00871203,14818252
2829,1616071098/普00871203,14818252
2830,1616071099/普00871203,15184972
2831,1616071099/普00871203,14967373
2832,1616071099/普00871203,14803931
2833,1616071099/普00871203,15103999
2834,1616071099/普00871203,15141056
2835,1616071099/普00871203,15184970
2836,1616071099/普00871203,15247091
2837,1616071100/普00871203,14980184
2838,1616071101/普00871203,15203964
2839,1616071101/普00871203,14998948
2840,1616071101/普00871203,14790350
2841,1616071101/普00871203,14803931
2842,1616071101/普00871203,14887862
2843,1616071101/普00871203,15133983
2844,1616071101/普00871203,15141056
2845,1616071102/普00871203,14980182
2846,1616071103/普00871203,14803927
2847,1616071103/普00871203,14803931
2848,1616071104/普00871203,14980184
2849,1616071104/普00871203,14787606
2850,1616071105/普00871203,15324999
2851,1616071105/普00871203,15247091
2852,1616071106/普00871203,14790350
2853,1616071106/普00871203,15103999
2854,1616071106/普00871203,14803927
2855,1616071106/普00871203,15237976
2856,1616071106/普00871203,14887862
2857,1616071106/普00871203,14787607
2858,1616071106/普00871203,14803931
2859,1616071106/普00871203,15155026
2860,1616071106/普00871203,14967373
2861,1616071106/普00871203,15187131
2862,1616071106/普00871203,15141056
2863,1616071106/普00871203,14998948
2864,1616071106/普00871203,15203964
2865,1616071106/普00871203,14771915
2866,1616071106/普00871203,15192060
2867,1616071107/普00871203,14980184
2868,1616071108/普00871203,14977861
2869,1616071109,15531960
2870,1616071110/88761549,15531959
2871,1616071110/88761549,15637975
2872,1616071111,15531964
2873,1616071111,15531969
2874,1616071111,15531965
2875,1616071111,15531970
2876,1616071111,15585079
2877,1616071111,15637976
2878,1616071112,14717885
2879,1616071112,15297002
2880,1616071112,15140234
2881,1616071112,14843868
2882,1616071112,14846195
2883,1616071112,15587004
2884,1616071112,15140964
2885,1616071112,14688947
2886,1616071112,15512018
2887,1616071112,15193972
2888,1616071112,15002577
2889,1616071112,14890070
2890,1616071112,15166003
2891,1616071112,15182006
2892,1616071112,15575000
2893,1616071112,15631971
2894,1616071112,15586996
2895,1616071112,15348977
2896,1616071112,15193973
2897,1616071113,15193973
2898,1616071113,15166002
2899,1616071113,15220964
2900,1616071113,14843868
2901,1616071113,15487025
2902,1616071113,15587004
2903,1616071113,15586996
2904,1616071113,14688947
2905,1616071113,15242273
2906,1616071113,15631971
2907,1616071113,14717889
2908,1616071113,15510006
2909,1616071114,15192057
2910,1616071114,14491727
2911,1616071114,14923917
2912,1616071114,14797542
2913,1616071114,14191598
2914,1616071114,14788975
2915,1616071114,15166002
2916,1616071114,14798851
2917,1616071114,15193972
2918,1616071114,15193975
2919,1616071114,15242273
2920,1616071114,14717889
2921,1616071114,14688947
2922,1616071114,14798850
2923,1616071114,14790275
2924,1616071114,15297002
2925,1616071114,14791904
2926,1616071114,15220962
2927,1616071114,15002577
2928,1616071114,15193973
2929,1616071114,15631971
2930,1616071114,15140234
2931,1616071114,15182006
2932,1616071114,14935101
2933,1616071114,14846195
2934,1616071114,15166003
2935,1616071114,15348977
2936,1616071114,15193974
2937,1616071114,15469965
2938,1616071114,15487025
2939,1616071114,15512018
2940,1616071114,15587004
2941,1616071114,15586996
2942,1616071115,14491732
2943,1616071115,15193972
2944,1616071115,15297002
2945,1616071115,14191598
2946,1616071115,14935101
2947,1616071115,15469965
2948,1616071115,14491727
2949,1616071115,14846195
2950,1616071115,15242273
2951,1616071115,15156064
2952,1616071115,14688947
2953,1616071115,14790275
2954,1616071115,15002577
2955,1616071115,15166002
2956,1616071115,15575000
2957,1616071115,15586996
2958,1616071115,15193975
2959,1616071115,15220964
2960,1616071115,15182006
2961,1616071115,15140963
2962,1616071115,15348978
2963,1616071115,14798851
2964,1616071115,15193974
2965,1616071115,15512018
2966,1616071115,15587004
2967,1616071115,15631971
2968,1616071116,15192100
2969,1616071116,14671860
2970,1616071116,14731963
2971,1616071116,14790551
2972,1616071117,14688947
2973,1616071117,14141594
2974,1616071117,15469965
2975,1616071117,15182006
2976,1616071117,15193972
2977,1616071117,15220962
2978,1616071117,15575000
2979,1616071117,14798850
2980,1616071117,15587004
2981,1616071117,15487025
2982,1616071117,14972945
2983,1616071117,15586996
2984,1616071118,15182006
2985,1616071118,15220962
2986,1616071118,15140963
2987,1616071118,15297002
2988,1616071118,14890070
2989,1616071118,14191598
2990,1616071118,14688947
2991,1616071118,14141594
